session,label,x0,y0,x1,y1,x2,y2,x3,y3,x4,y4,x5,y5,x6,y6,x7,y7,x8,y8,x9,y9,x10,y10,x11,y11,x12,y12,x13,y13,x14,y14,x15,y15,x16,y16,x17,y17,x18,y18,x19,y19,x20,y20
8eb6e259,0,0.0,0.0,0.18049444258213043,-0.06623946875333786,0.3372911512851715,-0.19723166525363922,0.45259398221969604,-0.3098711371421814,0.5558102130889893,-0.3761231005191803,0.21876086294651031,-0.4891667366027832,0.26847904920578003,-0.6899859309196472,0.28126487135887146,-0.808555006980896,0.2845265567302704,-0.9085648059844971,0.1075594425201416,-0.5175296664237976,0.13150037825107574,-0.74876469373703,0.13450637459754944,-0.8832589387893677,0.132712259888649,-1.0,-0.0012755998177453876,-0.49732932448387146,0.008826449513435364,-0.7025356888771057,0.02518407627940178,-0.8335330486297607,0.04150805622339249,-0.9495711922645569,-0.11539047211408615,-0.44039326906204224,-0.15987789630889893,-0.5961951017379761,-0.1779201179742813,-0.6963822245597839,-0.18579444289207458,-0.7973825931549072
8eb6e259,1,0.0,0.0,0.3509402275085449,-0.1138601005077362,0.6259841322898865,-0.45396187901496887,0.7041425108909607,-0.7655290961265564,0.6544206142425537,-1.0,0.4505951702594757,-0.7353436946868896,0.5640692114830017,-0.9665605425834656,0.5145936012268066,-0.6971904039382935,0.46053382754325867,-0.46381479501724243,0.2416076511144638,-0.7542726993560791,0.34816402196884155,-0.9552789330482483,0.3068239688873291,-0.6139956116676331,0.26047471165657043,-0.35802048444747925,0.017582233995199203,-0.73122239112854,0.1421230286359787,-0.8999946117401123,0.127347931265831,-0.5510888695716858,0.09124784171581268,-0.30737215280532837,-0.21803854405879974,-0.67597895860672,-0.08471252024173737,-0.8008887767791748,-0.04971595108509064,-0.556638240814209,-0.05919483304023743,-0.3812689185142517
8eb6e259,2,0.0,0.0,0.19640710949897766,-0.08846351504325867,0.35813629627227783,-0.27788451313972473,0.4227524697780609,-0.4495701789855957,0.4393969178199768,-0.5794258713722229,0.258295476436615,-0.4865557849407196,0.3129253387451172,-0.7326436042785645,0.3242094814777374,-0.8786537647247314,0.3313398063182831,-1.0,0.12244637310504913,-0.4848628342151642,0.16999967396259308,-0.5904023051261902,0.15861620008945465,-0.40688323974609375,0.14130637049674988,-0.2514215409755707,-0.016613930463790894,-0.45919325947761536,0.04952782019972801,-0.5127362012863159,0.0513145886361599,-0.3222878575325012,0.044295500963926315,-0.18879304826259613,-0.1583806872367859,-0.4156559705734253,-0.09103419631719589,-0.48101913928985596,-0.06024818494915962,-0.3468223810195923,-0.051304105669260025,-0.2470720261335373
8eb6e259,0,0.0,0.0,0.1951790601015091,-0.04741886630654335,0.37248650193214417,-0.16800305247306824,0.5102317929267883,-0.26406219601631165,0.6300690174102783,-0.299721360206604,0.27255338430404663,-0.5061893463134766,0.34000661969184875,-0.6954830288887024,0.3599942922592163,-0.8110639452934265,0.3669508695602417,-0.9048292636871338,0.15496106445789337,-0.5486300587654114,0.19254601001739502,-0.7710634469985962,0.19686982035636902,-0.8991032242774963,0.1929628551006317,-1.0,0.03610975667834282,-0.536811888217926,0.0530540756881237,-0.7390707731246948,0.06489915400743484,-0.8612968921661377,0.07506189495325089,-0.9623284339904785,-0.08574791997671127,-0.487192302942276,-0.12222006171941757,-0.6478763222694397,-0.13491234183311462,-0.7517029047012329,-0.13883478939533234,-0.8522152304649353
8eb6e259,1,0.0,0.0,0.3744489252567291,-0.10486303269863129,0.7215325236320496,-0.41988617181777954,0.8710552453994751,-0.7244716286659241,0.8254497051239014,-0.9682239890098572,0.5665450692176819,-0.7545599341392517,0.6642662882804871,-0.9709625244140625,0.5830979347229004,-0.6855930685997009,0.5209864377975464,-0.45827481150627136,0.35817527770996094,-0.7883380651473999,0.458487331867218,-1.0,0.38857370615005493,-0.6494450569152832,0.3338121771812439,-0.40469399094581604,0.13470986485481262,-0.779223620891571,0.25286057591438293,-0.9848019480705261,0.21007584035396576,-0.6220157146453857,0.16757439076900482,-0.37745046615600586,-0.10357840359210968,-0.7389318346977234,0.012415510602295399,-0.8647200465202332,0.02338346280157566,-0.6044661998748779,0.012674873694777489,-0.43101367354393005
8eb6e259,2,0.0,0.0,0.17955516278743744,-0.08245918899774551,0.34783872961997986,-0.2817351818084717,0.4089377224445343,-0.4661165773868561,0.3792246878147125,-0.6033754944801331,0.2746693193912506,-0.4923323690891266,0.33981290459632874,-0.7355821132659912,0.35808756947517395,-0.8800385594367981,0.36381447315216064,-1.0,0.14573322236537933,-0.4941481649875641,0.19272708892822266,-0.6098657846450806,0.17803747951984406,-0.42133262753486633,0.1548890769481659,-0.2680107057094574,0.011329643428325653,-0.46910640597343445,0.0637759417295456,-0.5270962715148926,0.06280883401632309,-0.326150506734848,0.05613726004958153,-0.1944590061903,-0.12353714555501938,-0.42272141575813293,-0.0676194503903389,-0.4789813160896301,-0.04270067811012268,-0.33215153217315674,-0.03624476119875908,-0.2334805130958557
8eb6e259,0,0.0,0.0,0.19604884088039398,-0.06040314584970474,0.3621978163719177,-0.17670834064483643,0.4775499403476715,-0.29445239901542664,0.5706123113632202,-0.37656423449516296,0.24302813410758972,-0.49418747425079346,0.3152886629104614,-0.6882443428039551,0.3391793966293335,-0.8067745566368103,0.34968751668930054,-0.902267575263977,0.12460318207740784,-0.5328880548477173,0.16673825681209564,-0.7586139440536499,0.17514358460903168,-0.8914066553115845,0.1760072112083435,-1.0,0.007473895326256752,-0.5185975432395935,0.029118916019797325,-0.7202534675598145,0.047009363770484924,-0.8474887013435364,0.0649268701672554,-0.9534116983413696,-0.11498825252056122,-0.4649001955986023,-0.15397922694683075,-0.6199307441711426,-0.1709936559200287,-0.7232629060745239,-0.17646338045597076,-0.8209878206253052
8eb6e259,0,0.0,0.0,0.1806829869747162,-0.05348053574562073,0.347616046667099,-0.16909648478031158,0.48013806343078613,-0.2511536478996277,0.594749927520752,-0.26772043108940125,0.2337896227836609,-0.5044283270835876,0.30683523416519165,-0.6868695616722107,0.33450114727020264,-0.7994306683540344,0.349246084690094,-0.8916593790054321,0.11772676557302475,-0.5429755449295044,0.16118265688419342,-0.7641831040382385,0.17201288044452667,-0.8934166431427002,0.17656028270721436,-1.0,0.0027080439031124115,-0.5271732211112976,0.02531459741294384,-0.7280001640319824,0.04646610468626022,-0.8525439500808716,0.06818224489688873,-0.956595778465271,-0.11662860959768295,-0.47228965163230896,-0.15711736679077148,-0.6306237578392029,-0.17327067255973816,-0.7361351847648621,-0.1772538274526596,-0.8390781283378601
8eb6e259,0,0.0,0.0,0.18776671588420868,-0.047668296843767166,0.36067891120910645,-0.16319017112255096,0.4967387616634369,-0.25882241129875183,0.6187235116958618,-0.29761356115341187,0.25953930616378784,-0.49732980132102966,0.3265228569507599,-0.6870319843292236,0.3485695719718933,-0.8026682138442993,0.36111700534820557,-0.8999117016792297,0.14464209973812103,-0.5407965779304504,0.1933814436197281,-0.7639839053153992,0.2080259472131729,-0.8936502933502197,0.21828311681747437,-1.0,0.029474766924977303,-0.5303325057029724,0.06321371346712112,-0.7344555258750916,0.08891543745994568,-0.8583822250366211,0.1153368428349495,-0.9636453986167908,-0.0920831486582756,-0.4820348620414734,-0.11489789932966232,-0.642852246761322,-0.11929820477962494,-0.7450993061065674,-0.11229097843170166,-0.8445385694503784
8eb6e259,1,0.0,0.0,0.3748789429664612,-0.12174046039581299,0.6803106665611267,-0.42893096804618835,0.8093401193618774,-0.7357171773910522,0.8299692869186401,-1.0,0.5462833046913147,-0.7425428032875061,0.6201314926147461,-0.9912453293800354,0.548880398273468,-0.7451851963996887,0.4940092861652374,-0.5338116884231567,0.3365169167518616,-0.7652414441108704,0.40233343839645386,-0.9835115075111389,0.3368326425552368,-0.6581724882125854,0.28844815492630005,-0.4242563247680664,0.11084768921136856,-0.7532289624214172,0.18075880408287048,-0.9323688745498657,0.14636334776878357,-0.5917548537254333,0.11882223933935165,-0.36467283964157104,-0.13142439723014832,-0.7118996977806091,-0.0428406186401844,-0.8528348207473755,-0.01822688989341259,-0.6063210964202881,-0.01517363078892231,-0.4333147406578064
8eb6e259,1,0.0,0.0,0.3789570927619934,0.09151329100131989,0.6858302354812622,-0.039136696606874466,0.8811013102531433,-0.26972803473472595,1.0,-0.49194788932800293,0.700299084186554,-0.3650778830051422,0.9329392910003662,-0.4918307960033417,0.7975664138793945,-0.32714876532554626,0.6402347683906555,-0.18787193298339844,0.5697758197784424,-0.48676443099975586,0.8105573654174805,-0.5888448357582092,0.6327646374702454,-0.37086236476898193,0.43303292989730835,-0.2054179608821869,0.39501792192459106,-0.5921026468276978,0.6339120864868164,-0.6484434008598328,0.44497159123420715,-0.3974582552909851,0.24843639135360718,-0.24306604266166687,0.18569831550121307,-0.6902103424072266,0.4156026244163513,-0.6970149278640747,0.322462260723114,-0.489908367395401,0.1831532120704651,-0.36279869079589844
8eb6e259,1,0.0,0.0,0.41612550616264343,-0.04713035747408867,0.7861477136611938,-0.32858267426490784,0.9617980122566223,-0.6485706567764282,1.0,-0.9187328815460205,0.6912785768508911,-0.6810285449028015,0.8018370270729065,-0.9404967427253723,0.6889442801475525,-0.6704941391944885,0.6115012764930725,-0.4422595202922821,0.4578262269496918,-0.7430937886238098,0.552549421787262,-0.9614979028701782,0.4386567771434784,-0.6032484769821167,0.3664921820163727,-0.35626399517059326,0.20900613069534302,-0.7607183456420898,0.29103487730026245,-0.9386298656463623,0.213920459151268,-0.5645151734352112,0.17068946361541748,-0.324084609746933,-0.05578030273318291,-0.7449151277542114,0.04074227064847946,-0.8957785367965698,0.030456800013780594,-0.6280559301376343,0.017197877168655396,-0.44695353507995605
8eb6e259,1,0.0,0.0,0.34070509672164917,0.11645541340112686,0.7275916934013367,0.17119200527668,0.9409098625183105,0.2365902215242386,1.0,0.2452779859304428,0.7922323346138,-0.4183587431907654,0.6871423721313477,0.24971728026866913,0.5469409227371216,0.2685099244117737,0.5562099814414978,0.1065869852900505,0.42845380306243896,-0.5388270020484924,0.3289041817188263,0.2366856187582016,0.27112624049186707,0.21515066921710968,0.31289249658584595,0.03987451642751694,0.07096237689256668,-0.5313713550567627,0.01718568243086338,0.2088850736618042,-0.008360670879483223,0.18933331966400146,0.038438547402620316,-0.001226620515808463,-0.24977338314056396,-0.4790129065513611,-0.27776774764060974,0.08372952789068222,-0.2758824825286865,0.10346639156341553,-0.24887701869010925,-0.048448339104652405
8eb6e259,1,0.0,0.0,-0.49172475934028625,-0.17015399038791656,-0.6683036684989929,-0.47491875290870667,-0.6197434663772583,-0.7623140811920166,-0.47075122594833374,-0.9191848039627075,-0.517235517501831,-0.9383005499839783,-0.4298214018344879,-0.9334045648574829,-0.3726840317249298,-0.7635540962219238,-0.3619498312473297,-0.6248670220375061,-0.20257870852947235,-1.0,-0.15249758958816528,-0.9463459253311157,-0.12836499512195587,-0.7716070413589478,-0.13733406364917755,-0.6341931223869324,0.08583973348140717,-0.947079062461853,0.08307565003633499,-0.8664547801017761,0.0897519439458847,-0.709721565246582,0.06687361747026443,-0.5859035849571228,0.3383190929889679,-0.8383401036262512,0.3145747184753418,-0.7778012752532959,0.3057856261730194,-0.6320828795433044,0.2813023626804352,-0.5312445163726807
8eb6e259,2,0.0,0.0,-0.2602148950099945,-0.028688451275229454,-0.3954123556613922,-0.1847187727689743,-0.49020975828170776,-0.37046903371810913,-0.6183261871337891,-0.4419969916343689,-0.25865334272384644,-0.43777644634246826,-0.23622886836528778,-0.7117706537246704,-0.20185476541519165,-0.8743811845779419,-0.17012134194374084,-1.0,-0.11959099769592285,-0.49521005153656006,-0.0667528435587883,-0.4896226227283478,-0.06255749613046646,-0.41098901629447937,-0.07172242552042007,-0.34964635968208313,0.030646944418549538,-0.46060219407081604,0.015778083354234695,-0.42395713925361633,0.024592537432909012,-0.36363381147384644,0.0248691625893116,-0.3062678277492523,0.16028882563114166,-0.4156618118286133,0.14792665839195251,-0.3830762505531311,0.13751661777496338,-0.3256324529647827,0.1240752562880516,-0.28404974937438965
8eb6e259,2,0.0,0.0,0.16273938119411469,-0.1634335070848465,0.2111162692308426,-0.3537924885749817,0.22295647859573364,-0.48455825448036194,0.2337803691625595,-0.5680328607559204,0.04320788010954857,-0.555915117263794,0.13398069143295288,-0.7586591839790344,0.18371640145778656,-0.8865818381309509,0.21879343688488007,-1.0,-0.012204230763018131,-0.5675368309020996,0.23729510605335236,-0.629854679107666,0.22899891436100006,-0.47179102897644043,0.15696017444133759,-0.3831098973751068,-0.04314083606004715,-0.5569654703140259,0.22388115525245667,-0.5913251638412476,0.20629549026489258,-0.40551233291625977,0.12360180169343948,-0.31882235407829285,-0.05413240194320679,-0.5326654314994812,0.17832086980342865,-0.5406578183174133,0.1851617842912674,-0.40374472737312317,0.11915185302495956,-0.3341818153858185
8eb6e259,2,0.0,0.0,0.19808165729045868,-0.10812339186668396,0.3724300265312195,-0.26987266540527344,0.5273463129997253,-0.39763644337654114,0.6683245301246643,-0.4507358968257904,0.31577885150909424,-0.4957968294620514,0.3789043128490448,-0.726961076259613,0.3872934579849243,-0.8746797442436218,0.3899429738521576,-1.0,0.19163288176059723,-0.4967297315597534,0.16139423847198486,-0.6341593265533447,0.12257347255945206,-0.46336960792541504,0.11211580038070679,-0.3192591965198517,0.05935383215546608,-0.47262537479400635,0.019274961203336716,-0.5642939209938049,0.01830342598259449,-0.37977704405784607,0.040901750326156616,-0.2562378942966461,-0.06467694789171219,-0.42670702934265137,-0.09768202155828476,-0.5094743967056274,-0.07370705157518387,-0.3849935233592987,-0.03800920024514198,-0.2995684742927551
8eb6e259,2,0.0,0.0,0.08237175643444061,-0.2624862492084503,0.05959672853350639,-0.5678032636642456,0.06547278165817261,-0.8008818626403809,0.15662463009357452,-0.9676935076713562,-0.25904181599617004,-0.6627412438392639,-0.47841018438339233,-0.8560712337493896,-0.6274281144142151,-0.9390144944190979,-0.7560274004936218,-1.0,-0.35342952609062195,-0.5298686623573303,-0.47635939717292786,-0.57518470287323,-0.30806609988212585,-0.41541779041290283,-0.16744357347488403,-0.30169811844825745,-0.41742658615112305,-0.3760327994823456,-0.49692219495773315,-0.38167956471443176,-0.29024291038513184,-0.2506769895553589,-0.1456778198480606,-0.1888294219970703,-0.4562467932701111,-0.220087930560112,-0.5185373425483704,-0.23047877848148346,-0.35753270983695984,-0.15968210995197296,-0.2422444224357605,-0.14053353667259216
8eb6e259,2,0.0,0.0,0.1585720032453537,-0.07687879353761673,0.3148091733455658,-0.23527033627033234,0.3378995656967163,-0.38430115580558777,0.223817840218544,-0.44661128520965576,0.19684356451034546,-0.5232346653938293,0.19153562188148499,-0.742555558681488,0.17206944525241852,-0.8882299661636353,0.14847542345523834,-1.0,0.05271564796566963,-0.5408121943473816,0.015535077080130577,-0.5270525217056274,0.03510767221450806,-0.32350385189056396,0.06228405609726906,-0.19863834977149963,-0.08777362108230591,-0.511336088180542,-0.1116332858800888,-0.46692800521850586,-0.06519201397895813,-0.29160287976264954,-0.013643668964505196,-0.1961725801229477,-0.21378229558467865,-0.45534104108810425,-0.22883643209934235,-0.44406673312187195,-0.17147217690944672,-0.3138520419597626,-0.11442306637763977,-0.23873378336429596
8eb6e259,2,0.0,0.0,0.3081915080547333,-0.01761222444474697,0.5394629240036011,-0.05855594947934151,0.7064551711082458,-0.19890530407428741,0.7212536334991455,-0.37410756945610046,0.6175254583358765,-0.4174953103065491,0.805770993232727,-0.6781407594680786,0.8987020254135132,-0.849066436290741,0.9642353653907776,-1.0,0.4722621738910675,-0.48477593064308167,0.5525724291801453,-0.6777644753456116,0.4129435122013092,-0.45158088207244873,0.32231587171554565,-0.28963232040405273,0.30278530716896057,-0.5201422572135925,0.3395179808139801,-0.667239248752594,0.23698346316814423,-0.4320686161518097,0.19482359290122986,-0.2977624833583832,0.12286102026700974,-0.5145858526229858,0.16004809737205505,-0.637958824634552,0.12378399819135666,-0.46531733870506287,0.10701420158147812,-0.3520396649837494
8eb6e259,2,0.0,0.0,0.17864522337913513,-0.12490849196910858,0.307640939950943,-0.3088357746601105,0.31924858689308167,-0.48184633255004883,0.20479874312877655,-0.5426488518714905,0.1491331160068512,-0.5269029140472412,0.10543029755353928,-0.7604546546936035,0.06434314697980881,-0.8945702910423279,0.01958048716187477,-1.0,0.03129802644252777,-0.49139589071273804,0.017769640311598778,-0.6050074696540833,0.04998668655753136,-0.4191497564315796,0.07191150635480881,-0.27859488129615784,-0.08008366823196411,-0.4296470284461975,-0.08539076894521713,-0.5192809104919434,-0.0352066233754158,-0.3458056151866913,0.0021856939420104027,-0.23277565836906433,-0.17987796664237976,-0.3461388349533081,-0.1858670562505722,-0.4265364110469818,-0.12896551191806793,-0.312368780374527,-0.08921273052692413,-0.22962331771850586
8eb6e259,2,0.0,0.0,0.13311612606048584,-0.24256286025047302,0.14669370651245117,-0.5249170064926147,0.04213390871882439,-0.7070925831794739,-0.1173967495560646,-0.7010849714279175,-0.1898263692855835,-0.655707597732544,-0.40588709712028503,-0.8506154417991638,-0.5540290474891663,-0.9417538046836853,-0.6831615567207336,-1.0,-0.30033591389656067,-0.5307090282440186,-0.3839580714702606,-0.6297118663787842,-0.2115960419178009,-0.48421919345855713,-0.07300814986228943,-0.35523679852485657,-0.3748723864555359,-0.38583531975746155,-0.41809919476509094,-0.45422640442848206,-0.23649270832538605,-0.3183657228946686,-0.10673224925994873,-0.22180454432964325,-0.42492446303367615,-0.22623322904109955,-0.47262248396873474,-0.30167195200920105,-0.3287169635295868,-0.22567157447338104,-0.21930301189422607,-0.1640501320362091
8eb6e259,2,0.0,0.0,0.209442138671875,-0.0929369330406189,0.36936676502227783,-0.24044997990131378,0.4034608006477356,-0.40394777059555054,0.3098895251750946,-0.4941999018192291,0.2465241700410843,-0.49502885341644287,0.2702369689941406,-0.7426650524139404,0.266893595457077,-0.8857561945915222,0.25386083126068115,-1.0,0.11459528654813766,-0.4874753952026367,0.1417713463306427,-0.6178793907165527,0.15201479196548462,-0.4288405179977417,0.14922526478767395,-0.27098599076271057,-0.016619054600596428,-0.451740026473999,0.019375722855329514,-0.5354889035224915,0.042459990829229355,-0.3466169834136963,0.052873652428388596,-0.21910491585731506,-0.14884619414806366,-0.39030858874320984,-0.11333063244819641,-0.48983076214790344,-0.07115136831998825,-0.3635721206665039,-0.05166215822100639,-0.26337388157844543
8eb6e259,2,0.0,0.0,0.19733364880084991,-0.1350562870502472,0.276487797498703,-0.29887741804122925,0.33551427721977234,-0.403035432100296,0.37204432487487793,-0.4897480607032776,0.13024957478046417,-0.5815821886062622,0.28787246346473694,-0.7736496925354004,0.37537050247192383,-0.8983829021453857,0.4298534691333771,-1.0,0.10641644150018692,-0.617018461227417,0.4043405055999756,-0.6223747730255127,0.3966436982154846,-0.4842003285884857,0.3137640357017517,-0.4160423278808594,0.11705314368009567,-0.6187824010848999,0.4342084527015686,-0.5409696102142334,0.39065688848495483,-0.33900290727615356,0.27993908524513245,-0.2659880816936493,0.15530157089233398,-0.5942615866661072,0.40844109654426575,-0.5177969932556152,0.3855920433998108,-0.3658977150917053,0.2942250967025757,-0.3049148619174957
8eb6e259,2,0.0,0.0,0.12569457292556763,-0.18401169776916504,0.17216888070106506,-0.3684704005718231,0.18970510363578796,-0.4890667498111725,0.21010185778141022,-0.5592078566551208,-0.00837959535419941,-0.5475732088088989,0.08449671417474747,-0.7480230331420898,0.1353132277727127,-0.8824304342269897,0.17151787877082825,-1.0,-0.05890258774161339,-0.5175386667251587,0.23703263700008392,-0.5617468953132629,0.2495247721672058,-0.4248758554458618,0.18518634140491486,-0.36717119812965393,-0.05077573284506798,-0.45470571517944336,0.2531597316265106,-0.46181437373161316,0.24758218228816986,-0.32391247153282166,0.16904552280902863,-0.27852874994277954,-0.004029968753457069,-0.3780830204486847,0.2376430332660675,-0.37053534388542175,0.2290588915348053,-0.26214852929115295,0.15552276372909546,-0.2207074761390686
8eb6e259,2,0.0,0.0,0.17149996757507324,-0.16959646344184875,0.2230876386165619,-0.3425809144973755,0.1812014877796173,-0.4967363178730011,0.07685418426990509,-0.5831924080848694,0.009898578748106956,-0.5319769382476807,-0.04818369448184967,-0.7586005926132202,-0.08787916600704193,-0.891000509262085,-0.1265513151884079,-1.0,-0.08909863233566284,-0.5178269147872925,-0.02291800267994404,-0.682071328163147,0.05247464403510094,-0.53266841173172,0.07780507951974869,-0.3853924870491028,-0.18671239912509918,-0.4810017943382263,-0.07819848507642746,-0.6170250177383423,-0.007987994700670242,-0.43243876099586487,-0.01217039953917265,-0.2940796911716461,-0.2847253382205963,-0.4206525683403015,-0.17382651567459106,-0.5491098761558533,-0.09502987563610077,-0.4350169897079468,-0.09087103605270386,-0.32091182470321655
8eb6e259,2,0.0,0.0,0.10561377555131912,-0.19896231591701508,0.1344696581363678,-0.4699101746082306,0.03518548607826233,-0.6314757466316223,-0.12792249023914337,-0.6071284413337708,-0.11264451593160629,-0.6106730699539185,-0.27420881390571594,-0.8190138339996338,-0.38779985904693604,-0.9259870052337646,-0.49084433913230896,-1.0,-0.22499004006385803,-0.5089141130447388,-0.3499005138874054,-0.5780563950538635,-0.22671304643154144,-0.3974306583404541,-0.12412814795970917,-0.27677446603775024,-0.3051344156265259,-0.39307039976119995,-0.4192395508289337,-0.4331302344799042,-0.2672577500343323,-0.2855779230594635,-0.14759770035743713,-0.203529492020607,-0.35230639576911926,-0.2737167179584503,-0.4554133415222168,-0.31023263931274414,-0.3384374678134918,-0.22060440480709076,-0.2350570261478424,-0.17243196070194244
8eb6e259,0,0.0,0.0,0.17525750398635864,-0.05931515991687775,0.33653002977371216,-0.18317289650440216,0.4674028158187866,-0.2799919843673706,0.5965017676353455,-0.3182472288608551,0.1936328262090683,-0.49996137619018555,0.26162856817245483,-0.6990885734558105,0.2885071337223053,-0.8155739903450012,0.3061414361000061,-0.91313236951828,0.08248800784349442,-0.5329713225364685,0.11890074610710144,-0.7587898969650269,0.1260952204465866,-0.8896968960762024,0.127031609416008,-1.0,-0.02067393809556961,-0.5139636397361755,-0.0007064986857585609,-0.7112666964530945,0.016185637563467026,-0.8382530212402344,0.03056444600224495,-0.9463157653808594,-0.12331613898277283,-0.45660725235939026,-0.16411517560482025,-0.6065442562103271,-0.1861574947834015,-0.7047469615936279,-0.20107431709766388,-0.799014687538147
8eb6e259,0,0.0,0.0,0.009001290425658226,-0.23354165256023407,-0.08012834191322327,-0.46017205715179443,-0.14292055368423462,-0.629138708114624,-0.11579442024230957,-0.7721434831619263,-0.4295247793197632,-0.46262505650520325,-0.5810530185699463,-0.6054683327674866,-0.6781951785087585,-0.6787053346633911,-0.7626188397407532,-0.7337320446968079,-0.5192832946777344,-0.35041847825050354,-0.7199626564979553,-0.4567120373249054,-0.832750678062439,-0.5094914436340332,-0.9336974024772644,-0.5513622760772705,-0.5507164597511292,-0.2187209576368332,-0.7598304748535156,-0.2855992913246155,-0.887161135673523,-0.3267052173614502,-1.0,-0.36367446184158325,-0.5423592329025269,-0.06798303127288818,-0.730009138584137,-0.062265317887067795,-0.8530712723731995,-0.060612764209508896,-0.9717667698860168,-0.07012095302343369
8eb6e259,0,0.0,0.0,-0.13957929611206055,-0.1455364227294922,-0.3300462067127228,-0.21521155536174774,-0.4810796082019806,-0.24888558685779572,-0.5978639125823975,-0.2961854338645935,-0.5606049299240112,-0.0031252605840563774,-0.7809766530990601,0.06315050274133682,-0.9061166048049927,0.1279146671295166,-1.0,0.19654914736747742,-0.5236194133758545,0.11972355097532272,-0.7603305578231812,0.27015435695648193,-0.8933946490287781,0.37568050622940063,-0.9945918917655945,0.47088485956192017,-0.43848931789398193,0.21047243475914001,-0.642562985420227,0.3787403106689453,-0.7702540755271912,0.4848599135875702,-0.8810180425643921,0.5770244002342224,-0.3152485191822052,0.2799121141433716,-0.4159623980522156,0.43308892846107483,-0.4844210743904114,0.5320454239845276,-0.5559675097465515,0.6192752122879028
8eb6e259,0,0.0,0.0,-0.26981648802757263,-0.10741496086120605,-0.48217201232910156,-0.06024054437875748,-0.6222389936447144,-0.014457094483077526,-0.7884384393692017,0.014291864819824696,-0.6700064539909363,0.24587447941303253,-0.8426524996757507,0.45250436663627625,-0.9378922581672668,0.592208206653595,-1.0,0.7132787704467773,-0.581868588924408,0.30353689193725586,-0.7564651370048523,0.6002568006515503,-0.8681817054748535,0.7924116253852844,-0.9466868042945862,0.9565157294273376,-0.46258342266082764,0.3312089443206787,-0.6235413551330566,0.6161642670631409,-0.7384033799171448,0.790725827217102,-0.8341089487075806,0.9533321261405945,-0.3315615952014923,0.3332861065864563,-0.4154539704322815,0.5399888157844543,-0.4980681240558624,0.6789788603782654,-0.5815275311470032,0.8241129517555237
8eb6e259,0,0.0,0.0,-0.2297014594078064,0.010589814744889736,-0.3913974165916443,0.10107702761888504,-0.5130136013031006,0.1591280996799469,-0.6050893068313599,0.2226802110671997,-0.4734756052494049,0.29665884375572205,-0.6795145869255066,0.42362263798713684,-0.810662567615509,0.5258179306983948,-0.9125065803527832,0.6076996326446533,-0.46869587898254395,0.29930731654167175,-0.7168012857437134,0.4613359868526459,-0.8726716041564941,0.5768095850944519,-1.0,0.6703991889953613,-0.4559999704360962,0.26836958527565,-0.7064011693000793,0.42422160506248474,-0.8622415065765381,0.5101549029350281,-0.993516743183136,0.5849245190620422,-0.45725613832473755,0.18997223675251007,-0.6663585305213928,0.28808674216270447,-0.8029072284698486,0.33245131373405457,-0.9233863353729248,0.37678271532058716
8eb6e259,0,0.0,0.0,-0.0788595974445343,-0.16108575463294983,-0.1920807659626007,-0.22865121066570282,-0.26502808928489685,-0.272464394569397,-0.33271080255508423,-0.29361122846603394,-0.4672750234603882,-0.17184647917747498,-0.6501991748809814,-0.228816419839859,-0.7928186655044556,-0.24606561660766602,-0.9135549664497375,-0.25587400794029236,-0.47906753420829773,-0.1513168215751648,-0.702268123626709,-0.2118237018585205,-0.867436408996582,-0.22534014284610748,-1.0,-0.22771723568439484,-0.46315762400627136,-0.13966341316699982,-0.6887373924255371,-0.20915083587169647,-0.8309842348098755,-0.23405185341835022,-0.9543746709823608,-0.2450675666332245,-0.4267123341560364,-0.15197588503360748,-0.5837573409080505,-0.2151469588279724,-0.6809117794036865,-0.2519757151603699,-0.7736285924911499,-0.2750239670276642
8eb6e259,0,0.0,0.0,0.13352061808109283,-0.20416325330734253,0.18882130086421967,-0.4484236538410187,0.2175360471010208,-0.6455531120300293,0.2591063976287842,-0.7794914841651917,-0.17003126442432404,-0.6464783549308777,-0.24991340935230255,-0.8361454010009766,-0.31891384720802307,-0.9329422116279602,-0.3817444443702698,-1.0,-0.31859290599823,-0.5906405448913574,-0.44919919967651367,-0.7809945344924927,-0.5322789549827576,-0.8843967318534851,-0.606541097164154,-0.9648498296737671,-0.4203457534313202,-0.4884580075740814,-0.5942049622535706,-0.6457852721214294,-0.7057049870491028,-0.7420169115066528,-0.8011720180511475,-0.8225206136703491,-0.4881449043750763,-0.3529045581817627,-0.674130916595459,-0.4277856945991516,-0.7907776832580566,-0.4718814790248871,-0.8965164422988892,-0.5208510756492615
8eb6e259,0,0.0,0.0,0.09688850492238998,-0.007503880187869072,0.20481432974338531,-0.09148120880126953,0.31484538316726685,-0.19119946658611298,0.3962259292602539,-0.26505887508392334,0.11327434331178665,-0.4293348491191864,0.1553266942501068,-0.621481716632843,0.1701200157403946,-0.7521331310272217,0.17816168069839478,-0.866626501083374,0.02495511807501316,-0.481046199798584,0.040771838277578354,-0.7140191793441772,0.053516678512096405,-0.8660584092140198,0.061954353004693985,-1.0,-0.058025240898132324,-0.4733056128025055,-0.08913783729076385,-0.676720142364502,-0.10438543558120728,-0.8101162910461426,-0.11406653374433517,-0.9357267618179321,-0.13573618233203888,-0.41979095339775085,-0.21374905109405518,-0.5578767657279968,-0.2663455605506897,-0.6423181891441345,-0.3065510094165802,-0.7286798357963562
8eb6e259,0,0.0,0.0,0.13585534691810608,0.21870975196361542,0.28582921624183655,0.3276316821575165,0.4131658375263214,0.38473787903785706,0.5865360498428345,0.42748066782951355,0.18876338005065918,0.036718565970659256,0.25535333156585693,0.02424429915845394,0.3087480068206787,0.040836602449417114,0.32948189973831177,0.02322104014456272,0.07321953028440475,-0.16938680410385132,0.1105659157037735,-0.28205108642578125,0.14235852658748627,-0.35044607520103455,0.17145633697509766,-0.46494024991989136,-0.015772728249430656,-0.33123767375946045,-0.013455198146402836,-0.530656099319458,-0.01613067090511322,-0.6451384425163269,-0.020696131512522697,-0.7652095556259155,-0.09230122715234756,-0.45624950528144836,-0.13634510338306427,-0.6867642402648926,-0.1862180233001709,-0.8462136387825012,-0.2233877032995224,-1.0
8eb6e259,0,0.0,0.0,-0.07171081006526947,0.19921556115150452,-0.20642630755901337,0.36428844928741455,-0.30835092067718506,0.49703148007392883,-0.35806360840797424,0.6429028511047363,-0.3059152662754059,0.27728140354156494,-0.5695446133613586,0.3976878523826599,-0.7392284274101257,0.4662301242351532,-0.8779732584953308,0.5204421877861023,-0.33852362632751465,0.1292494833469391,-0.6559522747993469,0.22125715017318726,-0.849807620048523,0.2911694049835205,-1.0,0.3437578082084656,-0.34970346093177795,-0.011385723948478699,-0.643571138381958,0.0297511238604784,-0.8173260688781738,0.06909512728452682,-0.9571600556373596,0.10450472682714462,-0.33806753158569336,-0.13428319990634918,-0.555272102355957,-0.17702972888946533,-0.6921054720878601,-0.20507407188415527,-0.8095024824142456,-0.2275494784116745
8eb6e259,0,0.0,0.0,-0.16758790612220764,0.05289140343666077,-0.3003324568271637,-0.02451315149664879,-0.4127322733402252,-0.1451050192117691,-0.4998917877674103,-0.26972076296806335,-0.321138858795166,-0.3658745288848877,-0.496458500623703,-0.5790203213691711,-0.5908721089363098,-0.7113056182861328,-0.6506995558738708,-0.8268718123435974,-0.2491670846939087,-0.4445168972015381,-0.4200422465801239,-0.6902564764022827,-0.5036948323249817,-0.8533074855804443,-0.5585967898368835,-1.0,-0.20145867764949799,-0.4728400409221649,-0.31631869077682495,-0.6787713766098022,-0.3831411898136139,-0.8419579267501831,-0.4180607795715332,-0.9788511395454407,-0.16869722306728363,-0.4677113890647888,-0.2513200640678406,-0.6399232745170593,-0.30063167214393616,-0.7571374773979187,-0.33450937271118164,-0.8550349473953247
8eb6e259,0,0.0,0.0,0.06754154711961746,-0.14896513521671295,0.08537705987691879,-0.3613945543766022,0.08896736055612564,-0.5351324081420898,0.14975228905677795,-0.6636312007904053,-0.08000326156616211,-0.5452041029930115,-0.13417573273181915,-0.7492898106575012,-0.17415444552898407,-0.8771741986274719,-0.20963267982006073,-0.981049656867981,-0.1737174093723297,-0.5136598944664001,-0.253878116607666,-0.7326385378837585,-0.30270853638648987,-0.8766811490058899,-0.3443470895290375,-1.0,-0.2452545464038849,-0.43825429677963257,-0.35825154185295105,-0.6103529334068298,-0.4270676076412201,-0.712178111076355,-0.4874211251735687,-0.814081072807312,-0.29899561405181885,-0.3348367512226105,-0.4295523464679718,-0.3961292803287506,-0.5176215767860413,-0.4276508390903473,-0.595119297504425,-0.47774410247802734
8eb6e259,0,0.0,0.0,0.004004106856882572,-0.2209683507680893,-0.0807209238409996,-0.412970632314682,-0.15956318378448486,-0.5500803589820862,-0.18109078705310822,-0.6503028273582458,-0.38962072134017944,-0.41249966621398926,-0.5372351408004761,-0.5399780869483948,-0.6385368704795837,-0.5929581522941589,-0.7273531556129456,-0.6212518215179443,-0.47963348031044006,-0.3109944760799408,-0.6909189820289612,-0.4142075181007385,-0.8181188702583313,-0.458565890789032,-0.9290497899055481,-0.48672017455101013,-0.5144670605659485,-0.19294564425945282,-0.7401759624481201,-0.22781088948249817,-0.8795299530029297,-0.24312381446361542,-1.0,-0.25588852167129517,-0.506095290184021,-0.062261246144771576,-0.6827844977378845,-0.05134126916527748,-0.8071939945220947,-0.04434803128242493,-0.9260540008544922,-0.045523207634687424
8eb6e259,0,0.0,0.0,0.17308871448040009,-0.13722309470176697,0.2593122124671936,-0.3166162371635437,0.3100644052028656,-0.46019768714904785,0.36238977313041687,-0.5281415581703186,0.0028884191997349262,-0.5537368655204773,-0.001343427342362702,-0.7355287671089172,-0.021956419572234154,-0.8351925611495972,-0.04199797660112381,-0.9125575423240662,-0.12255751341581345,-0.5631741881370544,-0.18043473362922668,-0.7757517099380493,-0.22532163560390472,-0.9037671685218811,-0.2595679461956024,-1.0,-0.2265499234199524,-0.519742488861084,-0.3361274302005768,-0.716402530670166,-0.4099484086036682,-0.8303894996643066,-0.4630029499530792,-0.9234381318092346,-0.3109452426433563,-0.4369908273220062,-0.4321693778038025,-0.5735153555870056,-0.5068868398666382,-0.6652284860610962,-0.5656479001045227,-0.7502263188362122
8eb6e259,0,0.0,0.0,0.20201745629310608,0.008659069426357746,0.4140700697898865,-0.07457948476076126,0.5799562335014343,-0.1606530398130417,0.7118551731109619,-0.1933760941028595,0.41402870416641235,-0.41156208515167236,0.5611507296562195,-0.5573824644088745,0.6347982883453369,-0.6558868288993835,0.689486026763916,-0.7409486174583435,0.31478816270828247,-0.4995270371437073,0.4435010254383087,-0.7009353637695312,0.5175523161888123,-0.8317249417304993,0.573997437953949,-0.940281093120575,0.19268165528774261,-0.5286499857902527,0.25608810782432556,-0.7442118525505066,0.29612693190574646,-0.881773054599762,0.33406591415405273,-1.0,0.05137109383940697,-0.5114758014678955,0.04051690548658371,-0.6894686222076416,0.03966188803315163,-0.8073555827140808,0.04841110482811928,-0.9200010299682617
8eb6e259,0,0.0,0.0,0.07982499152421951,0.14931397140026093,0.21324275434017181,0.24751393496990204,0.3379904627799988,0.30163466930389404,0.43622705340385437,0.3731720447540283,0.46302756667137146,0.12576036155223846,0.6580042839050293,0.17548802495002747,0.7852975726127625,0.197141632437706,0.8912620544433594,0.20771268010139465,0.47643885016441345,0.01943105459213257,0.7119383215904236,0.03194835036993027,0.8661057353019714,0.042615555226802826,1.0,0.045771524310112,0.43954920768737793,-0.07583537697792053,0.6506405472755432,-0.10821414738893509,0.7910802364349365,-0.11388333886861801,0.9235958456993103,-0.11766023933887482,0.3564910888671875,-0.17191703617572784,0.5025765895843506,-0.24594655632972717,0.6032978296279907,-0.28946244716644287,0.7040187120437622,-0.32286372780799866
8eb6e259,0,0.0,0.0,0.1709107756614685,-0.05509112775325775,0.3069019019603729,-0.18194462358951569,0.40250375866889954,-0.31557828187942505,0.4995163381099701,-0.4060938358306885,0.19572260975837708,-0.44532719254493713,0.2548987865447998,-0.6543697714805603,0.26932236552238464,-0.7838075757026672,0.2694837749004364,-0.8977881073951721,0.0767795592546463,-0.47603461146354675,0.09242834150791168,-0.7240555286407471,0.09742803126573563,-0.8723228573799133,0.09311135113239288,-1.0,-0.03341129049658775,-0.44460222125053406,-0.09330947697162628,-0.6653282046318054,-0.12487108260393143,-0.8050441145896912,-0.1488208770751953,-0.9332044124603271,-0.139408677816391,-0.36635929346084595,-0.240033820271492,-0.49502965807914734,-0.3043234646320343,-0.5789868831634521,-0.3561762273311615,-0.6655731201171875
8eb6e259,0,0.0,0.0,0.21117733418941498,0.050436802208423615,0.45940494537353516,0.009599287994205952,0.6605743765830994,-0.0532827228307724,0.8157051205635071,-0.06483159959316254,0.5856651663780212,-0.3307134211063385,0.7947202324867249,-0.44774603843688965,0.9090350866317749,-0.5402786135673523,1.0,-0.6299309134483337,0.4990329146385193,-0.4553900957107544,0.6916097402572632,-0.6410171389579773,0.7999750375747681,-0.762743353843689,0.8923913240432739,-0.8716804385185242,0.37469369173049927,-0.5162119269371033,0.5048719644546509,-0.7291370630264282,0.5874805450439453,-0.866491436958313,0.6678932309150696,-0.9908398389816284,0.21911589801311493,-0.5316817760467529,0.25825294852256775,-0.7182756066322327,0.2872217297554016,-0.8360171318054199,0.3312603235244751,-0.9505508542060852
8eb6e259,0,0.0,0.0,0.1225796490907669,0.12534283101558685,0.2984691560268402,0.21385277807712555,0.4528232216835022,0.27523890137672424,0.5690892934799194,0.3419046700000763,0.5165500044822693,0.026125259697437286,0.717854380607605,0.038665808737277985,0.8394044041633606,0.034624919295310974,0.9475237131118774,0.025683796033263206,0.5112042427062988,-0.08323614299297333,0.7372119426727295,-0.12418726831674576,0.8768303394317627,-0.1556762158870697,1.0,-0.18861891329288483,0.45572784543037415,-0.17414043843746185,0.6464800834655762,-0.2487758845090866,0.7743254899978638,-0.291093647480011,0.8920408487319946,-0.3279663026332855,0.3604303002357483,-0.25259724259376526,0.4782198369503021,-0.36106985807418823,0.558683454990387,-0.4241521954536438,0.6456278562545776,-0.4778645932674408
8eb6e259,0,0.0,0.0,0.16731040179729462,-0.11148258298635483,0.291098415851593,-0.28122788667678833,0.36555877327919006,-0.4381493628025055,0.4356033205986023,-0.5517916679382324,0.154445618391037,-0.5241612792015076,0.19377045333385468,-0.7194869518280029,0.2071026712656021,-0.8341726660728455,0.2133972942829132,-0.9337305426597595,0.031540583819150925,-0.5419485569000244,0.02923567220568657,-0.7604568600654602,0.029945585876703262,-0.8885895013809204,0.027186498045921326,-1.0,-0.07984047383069992,-0.5044859647750854,-0.1360020935535431,-0.6948207020759583,-0.17116570472717285,-0.8098999857902527,-0.1984802633523941,-0.9116175174713135,-0.18199381232261658,-0.42561233043670654,-0.2724027931690216,-0.5509406924247742,-0.3295879662036896,-0.6319674253463745,-0.37753865122795105,-0.7133913040161133
8eb6e259,0,0.0,0.0,0.13163013756275177,-0.20905610918998718,0.1631201058626175,-0.4350213408470154,0.14605705440044403,-0.6129875183105469,0.15158818662166595,-0.7360121607780457,-0.1304936558008194,-0.5935586094856262,-0.19715450704097748,-0.8027595281600952,-0.2399199903011322,-0.9132888317108154,-0.28611016273498535,-1.0,-0.2611183226108551,-0.5437647104263306,-0.38602155447006226,-0.7519252300262451,-0.45515623688697815,-0.8659250140190125,-0.5240454077720642,-0.9630784392356873,-0.35278740525245667,-0.44677191972732544,-0.521844744682312,-0.5987243056297302,-0.6263083815574646,-0.6924422383308411,-0.7150073051452637,-0.7723672389984131,-0.4155464470386505,-0.31098368763923645,-0.5860379338264465,-0.3913825452327728,-0.6964541673660278,-0.4472990334033966,-0.7948483824729919,-0.5061820149421692
8eb6e259,0,0.0,0.0,0.18660753965377808,-0.08836008608341217,0.3179863393306732,-0.23219409584999084,0.39041468501091003,-0.37124231457710266,0.43169572949409485,-0.45950958132743835,0.17052505910396576,-0.513684868812561,0.20868918299674988,-0.7074083685874939,0.20975586771965027,-0.8169336915016174,0.19949276745319366,-0.9024693369865417,0.04130365327000618,-0.5404328107833862,0.03570787236094475,-0.7699614763259888,0.022220280021429062,-0.8964686393737793,0.008025195449590683,-1.0,-0.07777834683656693,-0.5167927742004395,-0.12565185129642487,-0.7317386269569397,-0.1587812751531601,-0.8605633974075317,-0.18094031512737274,-0.971523642539978,-0.1924971342086792,-0.4529854357242584,-0.25795042514801025,-0.605373740196228,-0.3040657937526703,-0.7026278376579285,-0.33910229802131653,-0.7984004616737366
8eb6e259,0,0.0,0.0,0.18930698931217194,0.0695154219865799,0.3965156674385071,0.05839421600103378,0.5698413848876953,-0.009189247153699398,0.7059230804443359,-0.08476802706718445,0.49807801842689514,-0.2934741675853729,0.6935368180274963,-0.4537203013896942,0.8013923764228821,-0.5765366554260254,0.8777444958686829,-0.6801396012306213,0.39708203077316284,-0.4115597903728485,0.5810040235519409,-0.6425545811653137,0.6851654052734375,-0.7928264141082764,0.7753123641014099,-0.9274827241897583,0.2741175591945648,-0.4707874655723572,0.3894520103931427,-0.7031857371330261,0.4613904058933258,-0.859653890132904,0.5381748080253601,-1.0,0.12898431718349457,-0.48680147528648376,0.1420578509569168,-0.6819896697998047,0.13468226790428162,-0.8108012080192566,0.14471563696861267,-0.9270986318588257
8eb6e259,0,0.0,0.0,0.14181983470916748,0.10945595055818558,0.34197503328323364,0.15789903700351715,0.5262951850891113,0.15360058844089508,0.6757632493972778,0.1472966969013214,0.5228687524795532,-0.14664065837860107,0.7537519335746765,-0.23054423928260803,0.8899352550506592,-0.3032073974609375,1.0,-0.3753901720046997,0.4650597870349884,-0.28617244958877563,0.6987258791923523,-0.4340442419052124,0.844529390335083,-0.5310562252998352,0.9693251848220825,-0.6236229538917542,0.3644447326660156,-0.3706880509853363,0.534045398235321,-0.5503466725349426,0.6529625654220581,-0.6641284823417664,0.7674793601036072,-0.7680674195289612,0.22661171853542328,-0.4182652533054352,0.294508695602417,-0.5925580859184265,0.33266526460647583,-0.7021418213844299,0.3837890028953552,-0.7982038855552673
8eb6e259,0,0.0,0.0,0.14667494595050812,-0.11239996552467346,0.2412266880273819,-0.28279900550842285,0.2857695519924164,-0.4413616955280304,0.3273017704486847,-0.5579293370246887,0.07789458334445953,-0.5339078903198242,0.08656240254640579,-0.719608724117279,0.07323980331420898,-0.8344248533248901,0.05252869799733162,-0.9264121055603027,-0.04353330656886101,-0.5399985909461975,-0.08243361115455627,-0.7601261138916016,-0.11256542801856995,-0.8918462991714478,-0.14102277159690857,-1.0,-0.14510157704353333,-0.4902128279209137,-0.22366611659526825,-0.6837587356567383,-0.27176541090011597,-0.8015802502632141,-0.3091319799423218,-0.9016257524490356,-0.23335924744606018,-0.39820078015327454,-0.33414775133132935,-0.5171021819114685,-0.39514702558517456,-0.5977790355682373,-0.4434385895729065,-0.677400529384613
8eb6e259,1,0.0,0.0,0.427664190530777,-0.061860792338848114,0.7927149534225464,-0.3117157518863678,0.9693579077720642,-0.6188377141952515,1.0,-0.8969201445579529,0.6794601678848267,-0.6937332153320312,0.8162022829055786,-0.929414689540863,0.6920673847198486,-0.664371907711029,0.5912929177284241,-0.4346619248390198,0.46140655875205994,-0.7537392377853394,0.5805285573005676,-0.9873661398887634,0.46023184061050415,-0.6426424384117126,0.36217695474624634,-0.3793867528438568,0.21658620238304138,-0.7758203148841858,0.33083099126815796,-0.9814316034317017,0.24509692192077637,-0.6328187584877014,0.16595113277435303,-0.3867853283882141,-0.05152512714266777,-0.7651467323303223,0.07208883762359619,-0.957689642906189,0.058032065629959106,-0.7130284905433655,0.014933498576283455,-0.5241938233375549
8eb6e259,1,0.0,0.0,0.10298069566488266,-0.30253109335899353,-0.023760564625263214,-0.6417161822319031,-0.21341975033283234,-0.8457326889038086,-0.37522900104522705,-1.0,-0.3084757626056671,-0.6781681776046753,-0.3742855489253998,-0.8432444930076599,-0.190898597240448,-0.665214478969574,-0.041557423770427704,-0.5155720710754395,-0.42853879928588867,-0.5339223146438599,-0.47502806782722473,-0.6786295175552368,-0.23693004250526428,-0.4920973479747772,-0.07993292063474655,-0.3492191433906555,-0.5166014432907104,-0.35793620347976685,-0.5315578579902649,-0.47894150018692017,-0.27191078662872314,-0.31392574310302734,-0.11741208285093307,-0.19561924040317535,-0.5773913860321045,-0.1605098396539688,-0.5794183611869812,-0.27699223160743713,-0.3729221820831299,-0.196678027510643,-0.2516058683395386,-0.13156041502952576
8eb6e259,1,0.0,0.0,0.31685107946395874,-0.1759008914232254,0.5103397369384766,-0.5041289925575256,0.5382850170135498,-0.7931941151618958,0.4670015573501587,-1.0,0.32463374733924866,-0.7244042158126831,0.3734542429447174,-0.9416407346725464,0.3611752688884735,-0.6910098791122437,0.35047560930252075,-0.48771169781684875,0.13660375773906708,-0.7129629254341125,0.1796160787343979,-0.9131571054458618,0.19228649139404297,-0.6097010374069214,0.1940758228302002,-0.38637441396713257,-0.0622442401945591,-0.6639204621315002,-0.006879922468215227,-0.8420506715774536,0.04272032156586647,-0.5387704372406006,0.05922132357954979,-0.3200165629386902,-0.26530927419662476,-0.5878400802612305,-0.188961923122406,-0.7369879484176636,-0.11059287935495377,-0.5283640027046204,-0.0799788236618042,-0.36621537804603577
8eb6e259,1,0.0,0.0,0.41115695238113403,-0.059785425662994385,0.7577821016311646,-0.3209899961948395,0.9271312355995178,-0.5829639434814453,0.9515169858932495,-0.7895970940589905,0.6315975189208984,-0.9363277554512024,0.8185187578201294,-0.7376978993415833,0.6707262992858887,-0.4337528645992279,0.5395544767379761,-0.30659592151641846,0.4105416238307953,-1.0,0.576049268245697,-0.6882325410842896,0.45873770117759705,-0.3846612274646759,0.35953637957572937,-0.2894524037837982,0.1776377111673355,-0.9525720477104187,0.3421902358531952,-0.6165570020675659,0.2714279294013977,-0.37288451194763184,0.19907084107398987,-0.31272801756858826,-0.042784955352544785,-0.8482189178466797,0.0901511088013649,-0.5831116437911987,0.09252340346574783,-0.3859420716762543,0.060940682888031006,-0.33734363317489624
8eb6e259,1,0.0,0.0,0.34842759370803833,0.05282582342624664,0.7349423170089722,-0.023546768352389336,0.9152235984802246,-0.12576346099376678,0.854946494102478,-0.2436317503452301,0.5631633996963501,-0.8754960298538208,0.3955880403518677,-0.2860023081302643,0.39492499828338623,-0.05681423842906952,0.4697817862033844,-0.16410140693187714,0.15179972350597382,-1.0,-0.006547590252012014,-0.24347980320453644,0.07445098459720612,-0.017220500856637955,0.1500997543334961,-0.13616716861724854,-0.23084968328475952,-0.9575309157371521,-0.362113356590271,-0.20918522775173187,-0.268216073513031,-0.013402760960161686,-0.18896475434303284,-0.15021762251853943,-0.5612767338752747,-0.8327171802520752,-0.6567481756210327,-0.3021118938922882,-0.5534509420394897,-0.10667691379785538,-0.4752832353115082,-0.15537312626838684
8eb6e259,1,0.0,0.0,0.004206592217087746,-0.049370717257261276,-0.16102105379104614,-0.12423080950975418,-0.4233720600605011,-0.1569339632987976,-0.6927667856216431,-0.20177868008613586,-0.32420673966407776,-0.5601741075515747,-0.6064739227294922,-0.5134302377700806,-0.7904952764511108,-0.44163063168525696,-0.9182493686676025,-0.33936911821365356,-0.4472152888774872,-0.5237311720848083,-0.7955808639526367,-0.41268032789230347,-0.9325882792472839,-0.24265019595623016,-1.0,-0.09644003957509995,-0.5321274995803833,-0.45164644718170166,-0.8241451978683472,-0.3142137825489044,-0.9205912351608276,-0.17469649016857147,-0.9689650535583496,-0.07454550266265869,-0.5931491255760193,-0.34717339277267456,-0.7940514087677002,-0.29674240946769714,-0.8565776348114014,-0.20959416031837463,-0.8814955949783325,-0.14196887612342834
8eb6e259,1,0.0,0.0,-0.3173884153366089,0.15734580159187317,-0.6082820892333984,0.08255832642316818,-0.8354417085647583,-0.04551041126251221,-1.0,-0.1585669070482254,-0.6587533354759216,-0.3354988396167755,-0.8744208216667175,-0.17410895228385925,-0.794096052646637,-0.037661876529455185,-0.7082196474075317,0.010029674507677555,-0.5498715043067932,-0.4091106057167053,-0.7588030695915222,-0.22790299355983734,-0.6949581503868103,-0.07507871836423874,-0.6313841342926025,-0.01712608151137829,-0.4619274437427521,-0.42124471068382263,-0.642608642578125,-0.2721635699272156,-0.6024246215820312,-0.13805527985095978,-0.5360239148139954,-0.07795847207307816,-0.3888646066188812,-0.41406384110450745,-0.5376134514808655,-0.3219665288925171,-0.5279772281646729,-0.22936475276947021,-0.49715033173561096,-0.1755691021680832
8eb6e259,1,0.0,0.0,0.1048407182097435,-0.242121160030365,0.19990143179893494,-0.5204051733016968,0.1976972073316574,-0.7753888964653015,0.12527640163898468,-1.0,0.2617054283618927,-0.6458801031112671,0.1996167004108429,-0.8676902055740356,0.15428426861763,-0.9373172521591187,0.1185096874833107,-0.9806128144264221,0.11145081371068954,-0.6046449542045593,0.004287011455744505,-0.8576829433441162,-0.05082651972770691,-0.6921130418777466,-0.0372549369931221,-0.5965670943260193,-0.019931010901927948,-0.5608932971954346,-0.12228608876466751,-0.7582634687423706,-0.13030433654785156,-0.5816774368286133,-0.09068150818347931,-0.4764319956302643,-0.1354033499956131,-0.5027609467506409,-0.2053762823343277,-0.6528361439704895,-0.18925462663173676,-0.5275410413742065,-0.13849994540214539,-0.43201005458831787
8eb6e259,1,0.0,0.0,0.2862280309200287,-0.18906091153621674,0.4741543233394623,-0.509499192237854,0.4945164620876312,-0.8041031956672668,0.3843784034252167,-1.0,0.27924132347106934,-0.7156886458396912,0.2447098046541214,-0.9566944241523743,0.22577466070652008,-0.7113012075424194,0.23278100788593292,-0.5284801125526428,0.09789063781499863,-0.6742962002754211,0.05537727475166321,-0.8902700543403625,0.07947081327438354,-0.6060433387756348,0.11162056773900986,-0.4239192008972168,-0.07688519358634949,-0.5954122543334961,-0.12166253477334976,-0.7914611101150513,-0.05916905775666237,-0.5134652256965637,-0.00043829772039316595,-0.3411194384098053,-0.24522624909877777,-0.4924512505531311,-0.26436373591423035,-0.633955180644989,-0.1871938854455948,-0.43927642703056335,-0.12223824858665466,-0.3092386722564697
8eb6e259,1,0.0,0.0,0.19286517798900604,-0.2936118245124817,0.21326318383216858,-0.5889910459518433,0.15336285531520844,-0.8223785161972046,0.0432434007525444,-0.9921055436134338,-0.09391885250806808,-0.7828241586685181,0.025303354486823082,-1.0,0.13543011248111725,-0.8098702430725098,0.1655971258878708,-0.6295892000198364,-0.2284051924943924,-0.7327314615249634,-0.07574112713336945,-0.9328188300132751,0.05143127217888832,-0.6848400831222534,0.08293769508600235,-0.48708656430244446,-0.35372406244277954,-0.640326738357544,-0.1707448959350586,-0.8168511390686035,-0.04132368043065071,-0.5559576749801636,-0.033646270632743835,-0.357168585062027,-0.4691093862056732,-0.5224594473838806,-0.26074934005737305,-0.6717812418937683,-0.1331908106803894,-0.4934472143650055,-0.12609626352787018,-0.33723899722099304
8eb6e259,1,0.0,0.0,0.08178817480802536,-0.33997735381126404,-0.0352875217795372,-0.6389158368110657,-0.18200094997882843,-0.8364748954772949,-0.31474432349205017,-1.0,-0.45328256487846375,-0.6650696396827698,-0.29796141386032104,-0.8819631338119507,-0.10479375720024109,-0.7248047590255737,-0.017602913081645966,-0.596892774105072,-0.5525675415992737,-0.5598827600479126,-0.3310774266719818,-0.7753061652183533,-0.1282566338777542,-0.5729101300239563,-0.07307129353284836,-0.4287058115005493,-0.5990305542945862,-0.423296183347702,-0.3286997973918915,-0.6030928492546082,-0.14352363348007202,-0.4076102077960968,-0.11571773886680603,-0.2699389159679413,-0.6015254855155945,-0.27538803219795227,-0.345816969871521,-0.4078342914581299,-0.18694531917572021,-0.28418880701065063,-0.1757928729057312,-0.1896902173757553
8eb6e259,1,0.0,0.0,0.08996281027793884,-0.3535643517971039,0.031053651124238968,-0.6819782853126526,-0.06595629453659058,-0.8909533023834229,-0.17096659541130066,-1.0,-0.47507476806640625,-0.7750148177146912,-0.0885760635137558,-0.8435143828392029,0.016496088355779648,-0.6678540706634521,-0.04969615116715431,-0.6015926599502563,-0.5512969493865967,-0.6009653210639954,-0.08241630345582962,-0.658015251159668,-0.0014233996625989676,-0.492037296295166,-0.09057500958442688,-0.4461108148097992,-0.5431573987007141,-0.403392493724823,-0.0847734585404396,-0.4669037461280823,-0.02005215361714363,-0.32972076535224915,-0.11548550426959991,-0.28812432289123535,-0.4896692633628845,-0.212943434715271,-0.14432889223098755,-0.2697899341583252,-0.08350611478090286,-0.19016201794147491,-0.17164923250675201,-0.1563301533460617
8eb6e259,1,0.0,0.0,0.10980517417192459,-0.3480353057384491,0.13199596107006073,-0.7285347580909729,0.15427781641483307,-0.9433693885803223,0.13409730792045593,-1.0,-0.4268074929714203,-0.8045337796211243,0.23095068335533142,-0.7335599660873413,0.24350029230117798,-0.5925793647766113,0.10391105711460114,-0.5547360181808472,-0.5331283211708069,-0.4767397940158844,0.23980192840099335,-0.4028940498828888,0.19119246304035187,-0.32421037554740906,0.01297195628285408,-0.3454645574092865,-0.509304940700531,-0.14661987125873566,0.23057536780834198,-0.116017647087574,0.18126265704631805,-0.07157003879547119,-0.010864563286304474,-0.10904379934072495,-0.4296480417251587,0.14397267997264862,0.11767295002937317,0.16123083233833313,0.10101742297410965,0.16615121066570282,-0.06374325603246689,0.13743412494659424
8eb6e259,1,0.0,0.0,0.34710657596588135,-0.14599092304706573,0.5668245553970337,-0.47910934686660767,0.6492233872413635,-0.7659053206443787,0.6587860584259033,-1.0,0.2943298816680908,-0.9139633774757385,0.5663641095161438,-0.9157745838165283,0.5409005284309387,-0.6157009601593018,0.4620130658149719,-0.4396573305130005,0.12037469446659088,-0.9293490052223206,0.4062422215938568,-0.8682440519332886,0.38226404786109924,-0.5404389500617981,0.31227099895477295,-0.37730854749679565,-0.04318685457110405,-0.8672239780426025,0.2433849275112152,-0.7554970979690552,0.22545893490314484,-0.45003190636634827,0.15707170963287354,-0.30622681975364685,-0.18993081152439117,-0.7516563534736633,0.06526292115449905,-0.6356996893882751,0.09363872557878494,-0.40444567799568176,0.05406565964221954,-0.2998996376991272
8eb6e259,1,0.0,0.0,0.41539573669433594,-0.047008927911520004,0.7880136370658875,-0.24223153293132782,0.996705949306488,-0.515737771987915,1.0,-0.773276686668396,0.7148675918579102,-0.6211996078491211,0.8792455792427063,-0.8769994378089905,0.7570911049842834,-0.6648350358009338,0.6491267681121826,-0.46503499150276184,0.5089291930198669,-0.6863270401954651,0.6356486678123474,-0.9398676156997681,0.4911712110042572,-0.6275241374969482,0.39890217781066895,-0.39899373054504395,0.27695247530937195,-0.7165848016738892,0.38179782032966614,-0.9447595477104187,0.2699543237686157,-0.6135295629501343,0.21101129055023193,-0.38677361607551575,0.031217506155371666,-0.7175893187522888,0.13724084198474884,-0.8899971842765808,0.10325177758932114,-0.6410865783691406,0.0810854434967041,-0.459632009267807
8eb6e259,1,0.0,0.0,0.40478265285491943,-0.04822712019085884,0.7975038886070251,-0.3414779305458069,0.9854435920715332,-0.6415085792541504,1.0,-0.9032734632492065,0.7104524374008179,-0.773211658000946,0.8446435332298279,-0.9449107050895691,0.694013237953186,-0.6215099096298218,0.5831090211868286,-0.37610048055648804,0.468233197927475,-0.8460872769355774,0.5720898509025574,-0.9791380763053894,0.4423781633377075,-0.5636404752731323,0.3641793429851532,-0.30562031269073486,0.20751531422138214,-0.8544474244117737,0.30550575256347656,-0.9640756249427795,0.22798606753349304,-0.555732786655426,0.18649238348007202,-0.3089577555656433,-0.06267265230417252,-0.8193485140800476,0.030839242041110992,-0.9040601253509521,0.020970696583390236,-0.6056598424911499,0.016649026423692703,-0.41931670904159546
8eb6e259,1,0.0,0.0,0.3487541675567627,0.06441205739974976,0.7332122325897217,-0.1059553474187851,0.9495890736579895,-0.3199179172515869,1.0,-0.49525776505470276,0.7389175295829773,-0.7620474696159363,0.8449901938438416,-0.42567920684814453,0.6503932476043701,-0.18647360801696777,0.4934333264827728,-0.13496504724025726,0.4972400963306427,-0.9045907855033875,0.5334411263465881,-0.46358194947242737,0.37379249930381775,-0.2039816826581955,0.2660563886165619,-0.1627332717180252,0.2297050654888153,-0.9083893895149231,0.25390952825546265,-0.4579544961452484,0.14384634792804718,-0.2275664210319519,0.07756339013576508,-0.21335916221141815,-0.0384472981095314,-0.8386654853820801,-0.007438309956341982,-0.5448843836784363,-0.037803180515766144,-0.35732489824295044,-0.06134074181318283,-0.33872440457344055
8eb6e259,1,0.0,0.0,0.3324889838695526,0.11105223745107651,0.7144308090209961,0.17225287854671478,0.9494806528091431,0.2567046582698822,1.0,0.3061106503009796,0.6643003225326538,-0.3214241862297058,0.6448991298675537,0.3323676884174347,0.5556341409683228,0.38492724299430847,0.5567882657051086,0.2464623749256134,0.30212709307670593,-0.40588897466659546,0.2893657386302948,0.39057472348213196,0.27389249205589294,0.3767228126525879,0.2901175022125244,0.2018168419599533,-0.04476375877857208,-0.3651711642742157,-0.058182619512081146,0.4127916097640991,-0.043437711894512177,0.39193642139434814,-0.01201174221932888,0.1890106052160263,-0.34684112668037415,-0.27111920714378357,-0.34091585874557495,0.3440018594264984,-0.30372488498687744,0.356563538312912,-0.27710407972335815,0.1942358911037445
8eb6e259,1,0.0,0.0,0.3633732199668884,0.17042993009090424,0.5983632802963257,0.4871903657913208,0.6583719253540039,0.818458616733551,0.5208032727241516,1.0,0.44620567560195923,0.5295683741569519,0.405170202255249,0.9714884161949158,0.409845769405365,0.8751621842384338,0.4268779456615448,0.7491584420204163,0.16108575463294983,0.5494074821472168,0.1787915974855423,0.9730921983718872,0.21717201173305511,0.8919063210487366,0.21899570524692535,0.7738463282585144,-0.09200344979763031,0.5596939325332642,-0.03260435163974762,0.9151619076728821,0.008249751292169094,0.8364834189414978,0.004591499455273151,0.7229928970336914,-0.3025541603565216,0.564422607421875,-0.20823729038238525,0.8385868072509766,-0.17400600016117096,0.7567675113677979,-0.1927102655172348,0.6585693955421448
8eb6e259,1,0.0,0.0,0.4448334872722626,0.12626002728939056,0.7611427903175354,0.3678990602493286,0.9446598291397095,0.6567966341972351,0.9099199771881104,0.9429365396499634,0.6293604373931885,0.6860482692718506,0.7738368511199951,0.964737057685852,0.7535572052001953,0.797590434551239,0.6795568466186523,0.6572803854942322,0.3632504940032959,0.767501950263977,0.541253924369812,1.0,0.5468449592590332,0.8460268974304199,0.4721575677394867,0.7061268091201782,0.12007829546928406,0.7885176539421082,0.31303155422210693,0.9721423983573914,0.3220142126083374,0.8446207046508789,0.24930095672607422,0.7260478138923645,-0.08844376355409622,0.7795124650001526,0.09474734216928482,0.9385338425636292,0.11978121101856232,0.827931821346283,0.06729569286108017,0.7215403318405151
8eb6e259,1,0.0,0.0,0.26211488246917725,-0.258253812789917,0.5623284578323364,-0.37436455488204956,0.8312311172485352,-0.36906546354293823,1.0,-0.3029341995716095,0.7860427498817444,-0.35975581407546997,0.9914851188659668,-0.24038493633270264,0.8880796432495117,-0.1685483455657959,0.7736508250236511,-0.1828567236661911,0.7723569869995117,-0.16533835232257843,0.9090742468833923,-0.03029695339500904,0.7856162190437317,-0.0021188557147979736,0.676136314868927,-0.0455714575946331,0.7174694538116455,0.0367787666618824,0.8145792484283447,0.13473977148532867,0.7037264704704285,0.14484551548957825,0.6054756045341492,0.10213670134544373,0.6429881453514099,0.22560380399227142,0.7347591519355774,0.2962096035480499,0.6277214884757996,0.2830771803855896,0.5368772745132446,0.24233098328113556
8eb6e259,1,0.0,0.0,0.0343577079474926,-0.3756968379020691,0.17346219718456268,-0.6152829527854919,0.34486785531044006,-0.7208065390586853,0.47179216146469116,-0.7197888493537903,0.271267831325531,-0.8649023771286011,0.5555173754692078,-1.0,0.6292632818222046,-0.8483321070671082,0.5853462219238281,-0.713577926158905,0.38990774750709534,-0.7759800553321838,0.6348281502723694,-0.772296130657196,0.6011336445808411,-0.6317282319068909,0.4989440441131592,-0.5607272982597351,0.4973430037498474,-0.6310264468193054,0.6697815656661987,-0.5457851886749268,0.6138492226600647,-0.43690788745880127,0.5309022068977356,-0.3950796127319336,0.5951772332191467,-0.45681729912757874,0.7062592506408691,-0.36157238483428955,0.6393551230430603,-0.26882079243659973,0.5630467534065247,-0.23406437039375305
8eb6e259,1,0.0,0.0,0.11652346700429916,-0.29743218421936035,0.11535179615020752,-0.5729032158851624,0.17669165134429932,-0.7631259560585022,0.2189347892999649,-0.8904634118080139,-0.16347923874855042,-0.9139934182167053,0.3107340931892395,-0.9893374443054199,0.3546498119831085,-0.8180789947509766,0.2815181016921997,-0.6759631037712097,-0.1571091264486313,-0.9494724273681641,0.4093637466430664,-1.0,0.42354607582092285,-0.7568454146385193,0.3181475102901459,-0.6167770028114319,-0.10400755703449249,-0.9311521649360657,0.45500636100769043,-0.9358646273612976,0.44437721371650696,-0.6677263379096985,0.29430484771728516,-0.5385547280311584,-0.017622970044612885,-0.8656796813011169,0.4001220166683197,-0.836137056350708,0.3903173506259918,-0.6357951760292053,0.2511630654335022,-0.5376372337341309
8eb6e259,2,0.0,0.0,0.2732889652252197,-0.09591720998287201,0.4727340340614319,-0.27585238218307495,0.5389561057090759,-0.4872075915336609,0.47467994689941406,-0.6335240006446838,0.391801118850708,-0.5295685529708862,0.47015002369880676,-0.7687034010887146,0.5099777579307556,-0.8964335918426514,0.5303534269332886,-1.0,0.26326775550842285,-0.5590040683746338,0.37578046321868896,-0.7429067492485046,0.35236215591430664,-0.5638290047645569,0.29323405027389526,-0.4001748859882355,0.12353365123271942,-0.5636321902275085,0.24348184466362,-0.6893498301506042,0.2187216877937317,-0.4824848473072052,0.16270379722118378,-0.34348851442337036,-0.0325271338224411,-0.5409616827964783,0.08975916355848312,-0.6495466828346252,0.09931429475545883,-0.5073843002319336,0.05637259781360626,-0.39388445019721985
8eb6e259,2,0.0,0.0,0.19642674922943115,-0.1576671302318573,0.2630711495876312,-0.35582542419433594,0.28165388107299805,-0.5104951858520508,0.300553560256958,-0.6423386335372925,0.10593592375516891,-0.5782732963562012,0.19546261429786682,-0.7647154331207275,0.24517890810966492,-0.8877333402633667,0.2775513827800751,-1.0,0.032139185816049576,-0.585456907749176,0.2964251935482025,-0.6355202198028564,0.29000139236450195,-0.4544313848018646,0.21561267971992493,-0.35554617643356323,-0.01970386505126953,-0.5630307793617249,0.26868000626564026,-0.5667262673377991,0.24357856810092926,-0.36896374821662903,0.14649228751659393,-0.2884620130062103,-0.05004287138581276,-0.521224856376648,0.18937523663043976,-0.4985436499118805,0.1958748996257782,-0.35672369599342346,0.12387215346097946,-0.2961295545101166
8eb6e259,2,0.0,0.0,-0.21898818016052246,-0.18795551359653473,-0.23968158662319183,-0.4071028530597687,-0.144124835729599,-0.5796344876289368,-0.0583459809422493,-0.6226320862770081,-0.02940415032207966,-0.609241783618927,0.0697648748755455,-0.814080536365509,0.14850842952728271,-0.9263392686843872,0.21761637926101685,-1.0,0.15654611587524414,-0.5878230929374695,0.12410252541303635,-0.5759665966033936,0.0739198848605156,-0.5029779672622681,0.04699872061610222,-0.43045884370803833,0.2867451012134552,-0.47544825077056885,0.2028837502002716,-0.45960554480552673,0.16638807952404022,-0.40521103143692017,0.14624401926994324,-0.3373580276966095,0.37749847769737244,-0.3538985252380371,0.30095282196998596,-0.33054646849632263,0.2641874849796295,-0.29215383529663086,0.24821409583091736,-0.24895000457763672
8eb6e259,2,0.0,0.0,0.0073612225241959095,-0.16952286660671234,0.02040715701878071,-0.3550899624824524,0.09268876910209656,-0.48513123393058777,0.16651834547519684,-0.5678262114524841,-0.14755398035049438,-0.5511865615844727,0.023189395666122437,-0.7641428709030151,0.10147824138402939,-0.895959198474884,0.13649903237819672,-1.0,-0.12429473549127579,-0.5955671072006226,0.22536501288414001,-0.6484214663505554,0.2619457244873047,-0.47459837794303894,0.18948648869991302,-0.3661741316318512,-0.043758075684309006,-0.6121926307678223,0.29938650131225586,-0.6188320517539978,0.3022993505001068,-0.4332672953605652,0.20212939381599426,-0.34082937240600586,0.07014286518096924,-0.6132134199142456,0.32647424936294556,-0.596087634563446,0.3301111161708832,-0.4486537277698517,0.24229294061660767,-0.3697807490825653
8eb6e259,2,0.0,0.0,0.23025630414485931,-0.07746586948633194,0.41029778122901917,-0.230217844247818,0.4799709916114807,-0.42780497670173645,0.42726951837539673,-0.5551803112030029,0.3935776352882385,-0.4618009030818939,0.4665771424770355,-0.7148430943489075,0.4767618775367737,-0.8728350400924683,0.47658881545066833,-1.0,0.2557675540447235,-0.4731464684009552,0.2723151445388794,-0.6601207256317139,0.21572838723659515,-0.4878789186477661,0.19479939341545105,-0.34274613857269287,0.10635409504175186,-0.4601895809173584,0.10145298391580582,-0.6024093627929688,0.08384303003549576,-0.4025175869464874,0.10131343454122543,-0.258937805891037,-0.04053265228867531,-0.42084893584251404,-0.03769281506538391,-0.5241727232933044,-0.019466711208224297,-0.380279004573822,0.01583583652973175,-0.2683731019496918
8eb6e259,2,0.0,0.0,0.2088148146867752,-0.08222471922636032,0.39171302318573,-0.23703765869140625,0.45827075839042664,-0.4232069253921509,0.38476312160491943,-0.5591500401496887,0.3660215139389038,-0.46306222677230835,0.437276691198349,-0.7051538825035095,0.46001648902893066,-0.8652804493904114,0.4684223532676697,-1.0,0.23469068109989166,-0.4720630645751953,0.2392805814743042,-0.6464258432388306,0.18370801210403442,-0.46330198645591736,0.15860655903816223,-0.3227121829986572,0.09448961168527603,-0.4541199505329132,0.08098360896110535,-0.573976457118988,0.06398683041334152,-0.3712702691555023,0.07659458369016647,-0.24320711195468903,-0.040821053087711334,-0.4073660671710968,-0.048010487109422684,-0.49684178829193115,-0.029462086036801338,-0.3540731966495514,0.0011684838682413101,-0.25644776225090027
8eb6e259,2,0.0,0.0,0.18860317766666412,-0.06777636706829071,0.3733051121234894,-0.22821421921253204,0.44479361176490784,-0.4080026149749756,0.3882444202899933,-0.5478339791297913,0.35233643651008606,-0.4557775855064392,0.4193597137928009,-0.7112565636634827,0.43528619408607483,-0.870379626750946,0.4353213906288147,-1.0,0.2256743311882019,-0.456956684589386,0.23602540791034698,-0.6279575824737549,0.19274112582206726,-0.4391329884529114,0.16909030079841614,-0.2898918390274048,0.09028773754835129,-0.43897074460983276,0.08749909698963165,-0.5603067874908447,0.07133495807647705,-0.3543380796909332,0.08306905627250671,-0.22430798411369324,-0.04375436529517174,-0.3986654281616211,-0.0401918850839138,-0.4850461781024933,-0.028965281322598457,-0.33698779344558716,-0.0048238118179142475,-0.2369375228881836
8eb6e259,2,0.0,0.0,0.21528370678424835,-0.038981810212135315,0.4201939105987549,-0.20624084770679474,0.49845245480537415,-0.3841550946235657,0.47515323758125305,-0.5230152010917664,0.3637452721595764,-0.4763336181640625,0.4478452205657959,-0.7171621918678284,0.4862246513366699,-0.8707388043403625,0.5114213824272156,-1.0,0.23361986875534058,-0.4960019588470459,0.3135376572608948,-0.6172274351119995,0.2887607216835022,-0.4266980290412903,0.2489173263311386,-0.2755819857120514,0.09308772534132004,-0.4845552146434784,0.18063059449195862,-0.5599496364593506,0.15637870132923126,-0.36464327573776245,0.11845287680625916,-0.2386266440153122,-0.060758013278245926,-0.4490175247192383,0.03487208113074303,-0.5105478763580322,0.04201763495802879,-0.36482763290405273,0.017337212339043617,-0.26490193605422974
8eb6e259,2,0.0,0.0,0.19993001222610474,-0.10597677528858185,0.38652318716049194,-0.30517107248306274,0.45020586252212524,-0.4916851818561554,0.3792055547237396,-0.6107535362243652,0.3148840069770813,-0.516499400138855,0.3577324450016022,-0.7410475015640259,0.37022435665130615,-0.881192684173584,0.37251219153404236,-1.0,0.19305352866649628,-0.5084810853004456,0.22269843518733978,-0.6539527773857117,0.20591658353805542,-0.4776132106781006,0.19100849330425262,-0.3480943441390991,0.06662773340940475,-0.4791812598705292,0.09307438135147095,-0.5735517144203186,0.10004143416881561,-0.38790708780288696,0.10571605712175369,-0.27026253938674927,-0.05813588947057724,-0.4280359148979187,-0.04088451340794563,-0.5027430653572083,-0.008885863237082958,-0.36813637614250183,0.012767352163791656,-0.27659496665000916
8eb6e259,2,0.0,0.0,0.18145044147968292,0.042024631053209305,0.3990858197212219,0.00015566543152090162,0.5457141399383545,-0.08575689792633057,0.6011234521865845,-0.19690926373004913,0.524700403213501,-0.2965734302997589,0.7474731802940369,-0.3873003125190735,0.8834149241447449,-0.4542889893054962,1.0,-0.5235258936882019,0.4292522668838501,-0.39055943489074707,0.5583204627037048,-0.29465946555137634,0.4280151128768921,-0.1359245926141739,0.3328288197517395,-0.08746956288814545,0.313382089138031,-0.43260714411735535,0.3975054621696472,-0.27852410078048706,0.2845071256160736,-0.13991783559322357,0.2136860340833664,-0.12161795049905777,0.19328586757183075,-0.4379996955394745,0.25444918870925903,-0.2898939847946167,0.1801418662071228,-0.17581377923488617,0.13005290925502777,-0.17050644755363464
8eb6e259,2,0.0,0.0,0.14096496999263763,-0.14152677357196808,0.21967513859272003,-0.3295719027519226,0.19300393760204315,-0.47920364141464233,0.10293953865766525,-0.527743399143219,0.10582207888364792,-0.5082831978797913,0.05924363061785698,-0.7517610788345337,0.012206802144646645,-0.8880485892295837,-0.03300560638308525,-1.0,-0.006811757106333971,-0.47398367524147034,-0.030217396095395088,-0.5637410879135132,0.010487101972103119,-0.39656877517700195,0.040978509932756424,-0.27594736218452454,-0.11176501959562302,-0.41823017597198486,-0.11903204023838043,-0.4777131974697113,-0.05563740432262421,-0.3210684359073639,-0.008860559202730656,-0.2203635573387146,-0.20276528596878052,-0.34596413373947144,-0.21158179640769958,-0.41820600628852844,-0.14746619760990143,-0.31905776262283325,-0.09983976930379868,-0.24281969666481018
8eb6e259,2,0.0,0.0,0.13885462284088135,-0.17419417202472687,0.19810375571250916,-0.4022485315799713,0.16114912927150726,-0.5788236856460571,0.042848292738199234,-0.6353731155395508,0.06704192608594894,-0.5687538385391235,0.000971172412391752,-0.7858038544654846,-0.05355289578437805,-0.9061480164527893,-0.11607366800308228,-1.0,-0.04270683601498604,-0.5147024989128113,-0.10461360216140747,-0.6534091234207153,-0.037049055099487305,-0.482702374458313,0.004854148719459772,-0.3562856614589691,-0.14309152960777283,-0.4338705539703369,-0.19681310653686523,-0.5314426422119141,-0.1007407158613205,-0.3651067614555359,-0.04156945273280144,-0.2679470479488373,-0.22576206922531128,-0.3332785367965698,-0.26426437497138977,-0.4215961992740631,-0.18050441145896912,-0.31527385115623474,-0.1260068118572235,-0.24417626857757568
8eb6e259,2,0.0,0.0,0.16030487418174744,-0.17048394680023193,0.2509879767894745,-0.4040113687515259,0.21732653677463531,-0.5904166102409363,0.09277820587158203,-0.6545008420944214,0.11950918287038803,-0.5535813570022583,0.07244750112295151,-0.7638026475906372,0.024862607941031456,-0.8953638672828674,-0.02517865225672722,-1.0,0.0014358044136315584,-0.5070143938064575,-0.0341799296438694,-0.677666962146759,0.014417429454624653,-0.5289686322212219,0.05486896261572838,-0.3977387547492981,-0.11082755029201508,-0.43652448058128357,-0.1467629224061966,-0.5786486268043518,-0.06665929406881332,-0.42986899614334106,-0.005893254186958075,-0.30638566613197327,-0.2125406712293625,-0.3392452895641327,-0.22872906923294067,-0.4349561929702759,-0.15099318325519562,-0.33697831630706787,-0.09139076620340347,-0.2502285838127136
8eb6e259,2,0.0,0.0,0.2605184018611908,0.014354884624481201,0.5466404557228088,-0.10790437459945679,0.6981730461120605,-0.2869841754436493,0.7168200016021729,-0.4546020030975342,0.5870778560638428,-0.4301415979862213,0.7811362147331238,-0.6926149129867554,0.8790213465690613,-0.8549668192863464,0.9505240321159363,-1.0,0.4499155282974243,-0.496269166469574,0.6004300117492676,-0.6082065105438232,0.4974272549152374,-0.3960304856300354,0.39239501953125,-0.25008487701416016,0.2920991778373718,-0.531980037689209,0.42177194356918335,-0.589393675327301,0.3160454034805298,-0.3635489344596863,0.2289658486843109,-0.2444198876619339,0.11461513489484787,-0.5434321761131287,0.23930931091308594,-0.582058310508728,0.18630771338939667,-0.4087340533733368,0.12346192449331284,-0.31530332565307617
8eb6e259,2,0.0,0.0,0.2041858583688736,0.08811233937740326,0.4778333604335785,0.05701235681772232,0.6500255465507507,-0.06645920872688293,0.6979517340660095,-0.2312507927417755,0.5907145142555237,-0.20586182177066803,0.8024896383285522,-0.3824228048324585,0.9113989472389221,-0.49109622836112976,1.0,-0.5948394536972046,0.4929404854774475,-0.2998678982257843,0.6763221621513367,-0.3907109498977661,0.5306432247161865,-0.2346688210964203,0.4140077233314514,-0.14254121482372284,0.37474703788757324,-0.37206295132637024,0.526792585849762,-0.4192802309989929,0.37166205048561096,-0.23626407980918884,0.2703346908092499,-0.1500272899866104,0.23555786907672882,-0.42592155933380127,0.34985363483428955,-0.42904844880104065,0.2618030905723572,-0.2861640453338623,0.19559858739376068,-0.2174254059791565
8eb6e259,2,0.0,0.0,0.2343289703130722,0.003857822623103857,0.48501017689704895,-0.14141879975795746,0.6018030643463135,-0.322212815284729,0.605171799659729,-0.46853458881378174,0.4867929220199585,-0.4418940544128418,0.63945472240448,-0.6973267197608948,0.7149244546890259,-0.8575671315193176,0.7619733810424805,-1.0,0.34668806195259094,-0.4951949417591095,0.48309093713760376,-0.6130155920982361,0.41334274411201477,-0.3988904356956482,0.3210557699203491,-0.2481166124343872,0.1945541352033615,-0.510882556438446,0.31464192271232605,-0.5536338686943054,0.246564120054245,-0.33656442165374756,0.17259466648101807,-0.22413136065006256,0.030977090820670128,-0.502059280872345,0.1485983431339264,-0.5299408435821533,0.11833533644676208,-0.3675747811794281,0.06520825624465942,-0.2819552421569824
66b7291b,0,0.0,0.0,0.09905004501342773,-0.20699048042297363,0.09775165468454361,-0.44049057364463806,0.06350177526473999,-0.6194896101951599,0.07798625528812408,-0.7844019532203674,-0.2313324362039566,-0.5770213007926941,-0.42660826444625854,-0.7926694750785828,-0.5591894388198853,-0.9087182879447937,-0.6787932515144348,-1.0,-0.3409116864204407,-0.4809083044528961,-0.5998314023017883,-0.6963925957679749,-0.765974760055542,-0.8213001489639282,-0.915177583694458,-0.9286792874336243,-0.40577438473701477,-0.3486921787261963,-0.6559042930603027,-0.5280855894088745,-0.8156381845474243,-0.6556228399276733,-0.952828586101532,-0.7729007601737976,-0.4369252622127533,-0.18442250788211823,-0.6590290665626526,-0.27282240986824036,-0.7988021373748779,-0.3350141942501068,-0.9224418997764587,-0.4052807092666626
66b7291b,0,0.0,0.0,-0.024161124601960182,-0.18324849009513855,-0.12733758985996246,-0.3513405919075012,-0.22388483583927155,-0.47269707918167114,-0.27603772282600403,-0.5887928605079651,-0.4113137722015381,-0.30970314145088196,-0.6204671859741211,-0.3763665556907654,-0.7540632486343384,-0.40367868542671204,-0.871056079864502,-0.4186305105686188,-0.4568330645561218,-0.20286992192268372,-0.7011580467224121,-0.2721646726131439,-0.8602209091186523,-0.307254821062088,-1.0,-0.3340638279914856,-0.46013355255126953,-0.08925099670886993,-0.6893022060394287,-0.14573152363300323,-0.8388473391532898,-0.18567074835300446,-0.9682984948158264,-0.22593720257282257,-0.4272419810295105,0.033586326986551285,-0.6080293655395508,0.010995385237038136,-0.722182035446167,-0.009953389875590801,-0.8267579674720764,-0.038908701390028
66b7291b,0,0.0,0.0,0.07658876478672028,-0.24018464982509613,0.045190975069999695,-0.49412354826927185,-0.03096063807606697,-0.6830236911773682,-0.09228678047657013,-0.8315361738204956,-0.303507000207901,-0.6162592172622681,-0.48365187644958496,-0.8088395595550537,-0.6080045700073242,-0.9152332544326782,-0.7173559069633484,-1.0,-0.41159552335739136,-0.5342873334884644,-0.6402044892311096,-0.7437515258789062,-0.7887378334999084,-0.8666677474975586,-0.9230481386184692,-0.9720310568809509,-0.47788867354393005,-0.417724072933197,-0.6931906342506409,-0.6073005199432373,-0.8248037695884705,-0.7310934066772461,-0.9384418725967407,-0.8450605869293213,-0.510932981967926,-0.26794788241386414,-0.6909428834915161,-0.3988955020904541,-0.7963426113128662,-0.49082136154174805,-0.8912600874900818,-0.5864854454994202
66b7291b,0,0.0,0.0,0.1525772660970688,-0.1608848124742508,0.22794903814792633,-0.3499966859817505,0.24365025758743286,-0.5102869272232056,0.2393883764743805,-0.6317667365074158,-0.025161106139421463,-0.5485959649085999,-0.1120731383562088,-0.7486596703529358,-0.1838473379611969,-0.8643529415130615,-0.2505906820297241,-0.9601218700408936,-0.13752329349517822,-0.5192931294441223,-0.24771185219287872,-0.7456798553466797,-0.32594990730285645,-0.88250732421875,-0.4000319838523865,-1.0,-0.22826363146305084,-0.4513572156429291,-0.3321921229362488,-0.6562048196792603,-0.4011339247226715,-0.7908361554145813,-0.4582692086696625,-0.9119325280189514,-0.3013826310634613,-0.3507632613182068,-0.39143261313438416,-0.49998384714126587,-0.4424076974391937,-0.6018211245536804,-0.48369303345680237,-0.6993629336357117
66b7291b,0,0.0,0.0,0.12009210139513016,0.13341356813907623,0.29426026344299316,0.20625174045562744,0.43937191367149353,0.23080909252166748,0.5561047792434692,0.2504541575908661,0.5318937301635742,0.05119234323501587,0.7149569988250732,0.029155436903238297,0.8283102512359619,0.006590667180716991,0.9261438250541687,-0.0143926115706563,0.5297535061836243,-0.03752226382493973,0.7481551170349121,-0.0740368664264679,0.8807986974716187,-0.09931057691574097,1.0,-0.12103962898254395,0.48814383149147034,-0.11884551495313644,0.6961785554885864,-0.15722526609897614,0.8213841319084167,-0.17463348805904388,0.9346678256988525,-0.18423746526241302,0.4122690260410309,-0.2006952464580536,0.5739272832870483,-0.2425105720758438,0.6757699847221375,-0.25541236996650696,0.7755589485168457,-0.25900498032569885
66b7291b,0,0.0,0.0,0.19662752747535706,-0.052183039486408234,0.3664136230945587,-0.18003350496292114,0.4700945317745209,-0.3125704526901245,0.5466970801353455,-0.41863954067230225,0.2867831885814667,-0.45890116691589355,0.3288401961326599,-0.6656925678253174,0.3342694938182831,-0.7972294688224792,0.3355066776275635,-0.910220205783844,0.18407683074474335,-0.49761122465133667,0.22229285538196564,-0.73342365026474,0.23388294875621796,-0.8781231045722961,0.24337910115718842,-1.0,0.0790104940533638,-0.49689680337905884,0.11490243673324585,-0.7120256423950195,0.13717029988765717,-0.8488233089447021,0.1626826822757721,-0.9628958702087402,-0.029403330758213997,-0.4654619097709656,-0.008603202179074287,-0.6268491744995117,0.016418559476733208,-0.729418158531189,0.04695623368024826,-0.8241486549377441
66b7291b,0,0.0,0.0,0.1567067801952362,-0.1464424580335617,0.266171932220459,-0.3217812180519104,0.30103805661201477,-0.48028454184532166,0.24516518414020538,-0.5785147547721863,0.01687740348279476,-0.5633448958396912,-0.054813701659440994,-0.7573909759521484,-0.11313307285308838,-0.8730111718177795,-0.16691963374614716,-0.964000403881073,-0.09840342402458191,-0.5349583625793457,-0.1877570003271103,-0.7574963569641113,-0.25034287571907043,-0.8885380029678345,-0.302744060754776,-1.0,-0.1955527663230896,-0.47243067622184753,-0.27512529492378235,-0.672385573387146,-0.32825982570648193,-0.7999346256256104,-0.3649325370788574,-0.9134296178817749,-0.2789020240306854,-0.3876781761646271,-0.339916467666626,-0.5402973294258118,-0.37169724702835083,-0.6400584578514099,-0.3942098915576935,-0.7343534231185913
66b7291b,0,0.0,0.0,0.14202378690242767,-0.1658899337053299,0.22026203572750092,-0.36701732873916626,0.22088074684143066,-0.5402986407279968,0.15101537108421326,-0.6343429684638977,-0.057643547654151917,-0.5625962615013123,-0.15253984928131104,-0.7607963681221008,-0.22329814732074738,-0.8769165277481079,-0.284746915102005,-0.9691269397735596,-0.16608171164989471,-0.5278443694114685,-0.2822917401790619,-0.7492455840110779,-0.3607618808746338,-0.8864293098449707,-0.4248008728027344,-1.0,-0.25454211235046387,-0.45571449398994446,-0.3580625057220459,-0.6557273268699646,-0.42571890354156494,-0.7908983826637268,-0.4727361500263214,-0.9088984131813049,-0.3259408175945282,-0.35727226734161377,-0.41360390186309814,-0.5079845190048218,-0.4611744284629822,-0.6108817458152771,-0.49512913823127747,-0.708081841468811
66b7291b,0,0.0,0.0,0.1166568249464035,-0.18860451877117157,0.16449430584907532,-0.40891462564468384,0.19811677932739258,-0.5940014123916626,0.2565303146839142,-0.7312809228897095,-0.18545493483543396,-0.5860643982887268,-0.28234735131263733,-0.793563187122345,-0.3560098707675934,-0.9073508977890015,-0.42223110795021057,-1.0,-0.3169172704219818,-0.5270887613296509,-0.479439914226532,-0.7316148281097412,-0.5834777355194092,-0.8460964560508728,-0.6747061014175415,-0.9405165910720825,-0.3970847427845001,-0.4262123107910156,-0.5809932351112366,-0.5797126889228821,-0.6964693665504456,-0.6702269315719604,-0.792510986328125,-0.7516628503799438,-0.43969079852104187,-0.2946549355983734,-0.6152203679084778,-0.3626739978790283,-0.7299625277519226,-0.40132975578308105,-0.8302696347236633,-0.4486195743083954
66b7291b,0,0.0,0.0,-0.0036935955286026,-0.21627973020076752,-0.08655025064945221,-0.4109739065170288,-0.14732635021209717,-0.5707188248634338,-0.14896099269390106,-0.7135850191116333,-0.4584619104862213,-0.36515042185783386,-0.6368789672851562,-0.4751023054122925,-0.7492418885231018,-0.528321385383606,-0.8447892069816589,-0.5713364481925964,-0.5280957818031311,-0.2536260485649109,-0.749657392501831,-0.3289385735988617,-0.8841418623924255,-0.3667035400867462,-1.0,-0.39668330550193787,-0.53629469871521,-0.13373497128486633,-0.7511529922485352,-0.15635251998901367,-0.8792794942855835,-0.1625383347272873,-0.9892581701278687,-0.17314310371875763,-0.4993067979812622,-0.011222616769373417,-0.6654652953147888,0.03489203378558159,-0.7662681341171265,0.07392244786024094,-0.8616315126419067,0.09828171879053116
66b7291b,0,0.0,0.0,0.08302153646945953,-0.2338666170835495,0.07286693900823593,-0.47646161913871765,0.034377746284008026,-0.6752431988716125,0.027339112013578415,-0.8358113169670105,-0.3379417359828949,-0.5702413320541382,-0.5163928866386414,-0.7559777498245239,-0.6423023343086243,-0.8553314805030823,-0.7544187307357788,-0.9337896108627319,-0.45677611231803894,-0.48162415623664856,-0.6821128129959106,-0.6758269667625427,-0.8221595287322998,-0.7825963497161865,-0.9519591331481934,-0.870790421962738,-0.5140206813812256,-0.3616749048233032,-0.7429042458534241,-0.506996214389801,-0.8775847554206848,-0.6019455194473267,-1.0,-0.687981128692627,-0.5261554718017578,-0.20830956101417542,-0.7371566891670227,-0.23366773128509521,-0.8691306710243225,-0.2423773854970932,-0.9909078478813171,-0.2619883716106415
66b7291b,0,0.0,0.0,0.13656121492385864,-0.17051686346530914,0.205205500125885,-0.37415170669555664,0.2047596573829651,-0.5398349761962891,0.16455505788326263,-0.65690678358078,-0.0640195682644844,-0.5668925642967224,-0.16579340398311615,-0.7648897767066956,-0.24541540443897247,-0.8774405717849731,-0.32026728987693787,-0.9728263020515442,-0.18074706196784973,-0.529102087020874,-0.30886146426200867,-0.7540677189826965,-0.4005456566810608,-0.8857924342155457,-0.48507073521614075,-1.0,-0.27127954363822937,-0.4551103115081787,-0.3825411796569824,-0.664086103439331,-0.45562395453453064,-0.7962701320648193,-0.5169591307640076,-0.9164050221443176,-0.3436753451824188,-0.3510470688343048,-0.43483296036720276,-0.5072870254516602,-0.48450183868408203,-0.6112034320831299,-0.526293158531189,-0.7148102521896362
66b7291b,0,0.0,0.0,0.10959935933351517,-0.16801202297210693,0.1478469967842102,-0.3920140564441681,0.0948868915438652,-0.5697660446166992,-0.010260596871376038,-0.6796086430549622,-0.0872630923986435,-0.5877180099487305,-0.18911758065223694,-0.7787111401557922,-0.27288344502449036,-0.8898366689682007,-0.3509219288825989,-0.9780732989311218,-0.19271327555179596,-0.5494319200515747,-0.32536622881889343,-0.7655078768730164,-0.42288658022880554,-0.8901724815368652,-0.513335108757019,-1.0,-0.27407264709472656,-0.4733237624168396,-0.3954688012599945,-0.675132691860199,-0.4810512661933899,-0.8022202253341675,-0.5495754480361938,-0.9110994935035706,-0.33759817481040955,-0.36676010489463806,-0.432180255651474,-0.5145105123519897,-0.49292346835136414,-0.6138871312141418,-0.5445340275764465,-0.7079235911369324
66b7291b,0,0.0,0.0,0.1832859218120575,-0.05530129000544548,0.34283292293548584,-0.172216534614563,0.4615192115306854,-0.2761131227016449,0.5652916431427002,-0.33394142985343933,0.24509301781654358,-0.4758967161178589,0.30634745955467224,-0.6581501364707947,0.32523974776268005,-0.7726890444755554,0.32877495884895325,-0.864460289478302,0.1377231776714325,-0.5178678631782532,0.181010439991951,-0.7437636852264404,0.19610917568206787,-0.8833519220352173,0.20283906161785126,-1.0,0.026283355429768562,-0.50934237241745,0.04465470835566521,-0.7214738726615906,0.06045426428318024,-0.8583654761314392,0.07541143894195557,-0.9721272587776184,-0.0932619571685791,-0.4607601463794708,-0.12977845966815948,-0.6278396248817444,-0.14343678951263428,-0.7330717444419861,-0.1463673710823059,-0.829871416091919
66b7291b,0,0.0,0.0,0.19196856021881104,-0.06346561759710312,0.33852723240852356,-0.1820935755968094,0.44536373019218445,-0.2941776216030121,0.5480372309684753,-0.37386029958724976,0.21375884115695953,-0.48146510124206543,0.2659122347831726,-0.6634827256202698,0.2805902063846588,-0.7768591642379761,0.2821293771266937,-0.8679034113883972,0.0992269366979599,-0.5134312510490417,0.12516005337238312,-0.741531252861023,0.1288747489452362,-0.8807737827301025,0.12432587146759033,-1.0,-0.012477247044444084,-0.49497365951538086,-0.010241755284368992,-0.709908664226532,-0.0026045145932585,-0.8488455414772034,0.005195776931941509,-0.9699915051460266,-0.1300104707479477,-0.4366443157196045,-0.17425459623336792,-0.6010076403617859,-0.19831132888793945,-0.708420991897583,-0.20920351147651672,-0.8122134208679199
66b7291b,1,0.0,0.0,0.4078197181224823,-0.07778982073068619,0.8004523515701294,-0.2517705261707306,1.0,-0.46148481965065,0.8904852271080017,-0.6322660446166992,0.6259370446205139,-0.6865187287330627,0.7753304243087769,-0.9403455257415771,0.6929989457130432,-0.7107607126235962,0.601688802242279,-0.4668623208999634,0.40858298540115356,-0.7365846633911133,0.5386040210723877,-0.9919862747192383,0.45376262068748474,-0.6888667941093445,0.3698141276836395,-0.40906643867492676,0.1647419035434723,-0.7557988166809082,0.2961062788963318,-0.9569164514541626,0.23020236194133759,-0.6410723924636841,0.1694634109735489,-0.38146522641181946,-0.09737614542245865,-0.7402526140213013,0.030165089294314384,-0.9167242050170898,0.046846263110637665,-0.6822746396064758,0.03780055418610573,-0.47227904200553894
66b7291b,1,0.0,0.0,0.2303904891014099,-0.2178284376859665,0.38334396481513977,-0.5516769886016846,0.3843976557254791,-0.7838349938392639,0.21508382260799408,-0.859743595123291,0.032261840999126434,-0.8029818534851074,-0.027522534132003784,-1.0,0.05656896531581879,-0.7903212308883667,0.14161905646324158,-0.5784599781036377,-0.1489160805940628,-0.7098045349121094,-0.21838979423046112,-0.8912108540534973,-0.07576810568571091,-0.6302861571311951,0.04052482917904854,-0.4178788959980011,-0.3148040771484375,-0.5807923078536987,-0.3664379417896271,-0.7336527705192566,-0.20077136158943176,-0.4879201650619507,-0.07023215293884277,-0.3052692115306854,-0.4649653732776642,-0.41907721757888794,-0.49800947308540344,-0.5603055357933044,-0.34448814392089844,-0.4136582911014557,-0.21633489429950714,-0.2923523783683777
66b7291b,1,0.0,0.0,0.38760581612586975,-0.07032188773155212,0.7982248663902283,-0.2844148278236389,1.0,-0.5099881291389465,0.9223860502243042,-0.7044340372085571,0.6318670511245728,-0.8690260648727417,0.776352047920227,-0.918408989906311,0.6868222951889038,-0.6427699327468872,0.5959292650222778,-0.4137105345726013,0.389585942029953,-0.9337137937545776,0.5177526473999023,-0.9507618546485901,0.4438974857330322,-0.6063196063041687,0.36998724937438965,-0.3452278971672058,0.12141315639019012,-0.9306001663208008,0.2693482041358948,-0.8922133445739746,0.22641058266162872,-0.5549072623252869,0.18255621194839478,-0.3156786859035492,-0.15175573527812958,-0.8635924458503723,-0.004099281504750252,-0.857183575630188,0.04047362133860588,-0.5962117910385132,0.05361602082848549,-0.40006908774375916
66b7291b,1,0.0,0.0,0.2951723635196686,-0.1314496099948883,0.5439463257789612,-0.3934095799922943,0.6044482588768005,-0.6027583479881287,0.46367621421813965,-0.6803292036056519,0.0995616540312767,-1.0,-0.0009362294804304838,-0.7119396328926086,0.125563383102417,-0.4176854193210602,0.2512095868587494,-0.28637802600860596,-0.22285763919353485,-0.9918586015701294,-0.2825748026371002,-0.566757321357727,-0.05813154950737953,-0.29773616790771484,0.0971948429942131,-0.24617697298526764,-0.4843486249446869,-0.8840935826301575,-0.49247992038726807,-0.4604412615299225,-0.26767274737358093,-0.233893021941185,-0.11151321977376938,-0.22006185352802277,-0.6810161471366882,-0.7272799015045166,-0.6854905486106873,-0.4372987449169159,-0.49934878945350647,-0.2583971619606018,-0.35092008113861084,-0.2305227667093277
66b7291b,1,0.0,0.0,0.38791272044181824,-0.03807180002331734,0.7518380880355835,-0.20392194390296936,0.932778000831604,-0.33115726709365845,1.0,-0.3714827597141266,0.6534294486045837,-0.9045270085334778,0.7062669396400452,-0.48001614212989807,0.6256222724914551,-0.23296575248241425,0.596186637878418,-0.222175732254982,0.3282577097415924,-0.9752318263053894,0.40274906158447266,-0.41487717628479004,0.37488049268722534,-0.17254208028316498,0.34919148683547974,-0.18822503089904785,0.012097304686903954,-0.9041467308998108,0.09050478786230087,-0.38991647958755493,0.09498027712106705,-0.16836430132389069,0.08659123629331589,-0.18219630420207977,-0.280593603849411,-0.7658635377883911,-0.19842290878295898,-0.3850804269313812,-0.14358627796173096,-0.1773228794336319,-0.1305553913116455,-0.15580424666404724
66b7291b,1,0.0,0.0,0.2626485228538513,-0.2743285894393921,0.5629563331604004,-0.4672676622867584,0.8105894923210144,-0.5007390379905701,0.9356886148452759,-0.44963258504867554,0.5781067609786987,-0.7934556603431702,1.0,-0.5164679288864136,0.8623197078704834,-0.42885062098503113,0.6930385231971741,-0.4555932879447937,0.48162710666656494,-0.6720569133758545,0.8993806838989258,-0.3346417248249054,0.7209666967391968,-0.29928576946258545,0.5627743601799011,-0.383882999420166,0.37494519352912903,-0.49654003977775574,0.7563608884811401,-0.19415758550167084,0.5896739363670349,-0.1800619661808014,0.4344569444656372,-0.2754861116409302,0.2738058865070343,-0.30612167716026306,0.5361936092376709,-0.07213810086250305,0.4030511975288391,-0.08336682617664337,0.2607159912586212,-0.18228480219841003
66b7291b,1,0.0,0.0,-0.29329001903533936,-0.21138939261436462,-0.4714912176132202,-0.4114682376384735,-0.5829813480377197,-0.5846859216690063,-0.6009856462478638,-0.7234264612197876,-0.3970503509044647,-0.7474585175514221,-0.3016071021556854,-1.0,-0.19293059408664703,-0.9523829817771912,-0.1611930876970291,-0.8658418655395508,-0.20926789939403534,-0.7608175873756409,-0.07147327065467834,-0.9491296410560608,-0.006281402427703142,-0.8322862386703491,-0.028157798573374748,-0.7163821458816528,0.0009853451047092676,-0.7348122596740723,0.10175268352031708,-0.8667197227478027,0.14114399254322052,-0.7492783069610596,0.11258632689714432,-0.6526098847389221,0.21577927470207214,-0.6900018453598022,0.2736448347568512,-0.7791569828987122,0.28173694014549255,-0.6650457978248596,0.2554320991039276,-0.5724893808364868
66b7291b,1,0.0,0.0,0.3661060333251953,-0.07119665294885635,0.7531194686889648,-0.2527548670768738,0.9678391218185425,-0.45286881923675537,0.8897985816001892,-0.5961853861808777,0.6749720573425293,-0.7076777219772339,0.70647794008255,-0.9406132102012634,0.5803905725479126,-0.6568052768707275,0.5091871023178101,-0.427870512008667,0.4455530345439911,-0.7777639031410217,0.44499775767326355,-1.0,0.3478080928325653,-0.6355302333831787,0.3224816620349884,-0.3968553841114044,0.21440812945365906,-0.792871356010437,0.21237488090991974,-0.9737746119499207,0.15663039684295654,-0.6416858434677124,0.1618603765964508,-0.43919530510902405,-0.0040056430734694,-0.7686002850532532,0.013567476533353329,-0.924558162689209,0.0066979327239096165,-0.6896860003471375,0.026409197598695755,-0.5270907878875732
66b7291b,1,0.0,0.0,0.14692841470241547,-0.34746432304382324,0.1060684472322464,-0.7677435278892517,-0.04872424528002739,-0.9765123724937439,-0.24864426255226135,-0.987521767616272,-0.386542946100235,-0.8858651518821716,-0.5743790864944458,-1.0,-0.40977662801742554,-0.784149169921875,-0.2418699711561203,-0.6024578213691711,-0.5320079922676086,-0.6831291913986206,-0.6775695085525513,-0.7391895055770874,-0.4176453649997711,-0.5161023736000061,-0.21069897711277008,-0.35213029384613037,-0.6062476634979248,-0.47082507610321045,-0.6847897171974182,-0.5076615810394287,-0.4299989938735962,-0.33744674921035767,-0.26124608516693115,-0.2221965789794922,-0.6247252821922302,-0.2551361322402954,-0.6922836899757385,-0.305044561624527,-0.5003452301025391,-0.20567268133163452,-0.36973318457603455,-0.13150936365127563
66b7291b,1,0.0,0.0,0.31616446375846863,-0.10189123451709747,0.6043367385864258,-0.33501720428466797,0.7545393109321594,-0.5366360545158386,0.7878735065460205,-0.6471700668334961,0.48846903443336487,-0.7564187049865723,0.507389485836029,-0.9651474952697754,0.4568082392215729,-0.6940687894821167,0.44144874811172485,-0.4765327274799347,0.24713602662086487,-0.7833129167556763,0.2289603054523468,-1.0,0.2087460607290268,-0.6664252281188965,0.22416330873966217,-0.4424733519554138,0.015274626202881336,-0.7548725008964539,-0.02081514149904251,-0.9362987875938416,0.0018104203045368195,-0.6275877952575684,0.04502719268202782,-0.4281357228755951,-0.2074408382177353,-0.6765298247337341,-0.24048064649105072,-0.868615984916687,-0.19430649280548096,-0.6737375855445862,-0.13878102600574493,-0.5218422412872314
66b7291b,1,0.0,0.0,0.38769251108169556,-0.10263825207948685,0.7813212871551514,-0.32890692353248596,0.9806703925132751,-0.5526723265647888,0.8633795380592346,-0.702322781085968,0.6491488814353943,-0.742972195148468,0.7056893110275269,-0.9762351512908936,0.6134418249130249,-0.6751540303230286,0.5507054328918457,-0.44208425283432007,0.4245448410511017,-0.7880653738975525,0.46851232647895813,-1.0,0.3977264165878296,-0.629136860370636,0.3545968234539032,-0.3852499723434448,0.1855442076921463,-0.7827113270759583,0.23369260132312775,-0.9751245379447937,0.19714486598968506,-0.6188916563987732,0.18326252698898315,-0.3888445198535919,-0.0549592524766922,-0.7397832870483398,0.015695767477154732,-0.9058240056037903,0.025491122156381607,-0.6512656807899475,0.0322752371430397,-0.46668726205825806
66b7291b,1,0.0,0.0,0.306685209274292,-0.12823393940925598,0.6283588409423828,-0.39228901267051697,0.7574003338813782,-0.6210949420928955,0.6228007674217224,-0.7641237378120422,0.4029158055782318,-0.8078674674034119,0.4381956160068512,-1.0,0.38687270879745483,-0.7208396196365356,0.3462544083595276,-0.48499512672424316,0.17296764254570007,-0.8027960658073425,0.17800503969192505,-0.9855937957763672,0.16092081367969513,-0.6394016146659851,0.16092637181282043,-0.39010030031204224,-0.05530662462115288,-0.7512360215187073,-0.05524607002735138,-0.9079110026359558,-0.03889518603682518,-0.5838931202888489,-0.00754010071977973,-0.3625434935092926,-0.2811380922794342,-0.6565523147583008,-0.27889615297317505,-0.8248109817504883,-0.22161585092544556,-0.6098572611808777,-0.16472652554512024,-0.4474657475948334
66b7291b,1,0.0,0.0,-0.05292245373129845,-0.3919732868671417,-0.24525433778762817,-0.7813328504562378,-0.46533310413360596,-0.9629143476486206,-0.6291277408599854,-0.8284417986869812,-0.6869017481803894,-0.6255264282226562,-0.943566620349884,-0.7283971905708313,-0.6526773571968079,-0.6107451915740967,-0.3899594843387604,-0.5205025672912598,-0.748262345790863,-0.38347941637039185,-1.0,-0.47670072317123413,-0.6356858611106873,-0.3760572075843811,-0.34644225239753723,-0.30857715010643005,-0.7636443972587585,-0.1274988055229187,-0.979101836681366,-0.22544997930526733,-0.60921311378479,-0.15632721781730652,-0.3285196125507355,-0.11968642473220825,-0.7359563708305359,0.1338699758052826,-0.91484135389328,0.039215087890625,-0.6523337960243225,0.035998258739709854,-0.43502992391586304,0.034381184726953506
66b7291b,1,0.0,0.0,0.25505292415618896,-0.20893563330173492,0.47174692153930664,-0.5185422301292419,0.5325919389724731,-0.7628087997436523,0.3594281077384949,-0.8199571967124939,0.15928645431995392,-0.8055269718170166,0.13966423273086548,-1.0,0.18203334510326385,-0.7322266101837158,0.2291240692138672,-0.5194869041442871,-0.036954574286937714,-0.7434249520301819,-0.07820197194814682,-0.9312142729759216,0.008048364892601967,-0.6030252575874329,0.0836162269115448,-0.3885038495063782,-0.2204214632511139,-0.6377564072608948,-0.2603300213813782,-0.8002601861953735,-0.152815580368042,-0.49607715010643005,-0.05867210030555725,-0.3068321645259857,-0.38916435837745667,-0.49978190660476685,-0.42283350229263306,-0.6460186839103699,-0.3125525414943695,-0.455911248922348,-0.2196900099515915,-0.3262997269630432
66b7291b,1,0.0,0.0,0.4172130525112152,-0.05621521547436714,0.8083422780036926,-0.3007725179195404,0.9260250926017761,-0.6145691871643066,0.7408683896064758,-0.8218277096748352,0.6167482137680054,-0.6849443912506104,0.7623603940010071,-0.9697878956794739,0.6485286355018616,-0.7086009383201599,0.536927342414856,-0.4692540764808655,0.3829011023044586,-0.7600343823432922,0.5259376168251038,-1.0,0.41078171133995056,-0.6509631276130676,0.3056231141090393,-0.3754092752933502,0.13752609491348267,-0.7979408502578735,0.2884988784790039,-0.9815362691879272,0.20073239505290985,-0.6060649156570435,0.12010283023118973,-0.328222393989563,-0.1347188949584961,-0.7995424866676331,0.03677048161625862,-0.9471268057823181,0.022847319021821022,-0.6830324530601501,-0.022107219323515892,-0.46402817964553833
66b7291b,1,0.0,0.0,0.3062661588191986,-0.12424132227897644,0.6164798140525818,-0.3562210202217102,0.7545199394226074,-0.5742695927619934,0.6190892457962036,-0.6943241953849792,0.42935776710510254,-0.8123292326927185,0.4519033133983612,-1.0,0.41275832056999207,-0.687669038772583,0.3839120864868164,-0.4517582058906555,0.18667900562286377,-0.819641649723053,0.1766922026872635,-0.9854910373687744,0.17874784767627716,-0.5774831771850586,0.19117796421051025,-0.3389922082424164,-0.051831405609846115,-0.7664259672164917,-0.0765422135591507,-0.908642053604126,-0.03141631558537483,-0.5409049391746521,0.02124175988137722,-0.32886162400245667,-0.2816491723060608,-0.6625953316688538,-0.29699936509132385,-0.7872747778892517,-0.22634661197662354,-0.548668384552002,-0.15673570334911346,-0.3993999660015106
66b7291b,2,0.0,0.0,0.2855936288833618,-0.020191451534628868,0.5329091548919678,-0.15924690663814545,0.7065125107765198,-0.3576297461986542,0.8118582367897034,-0.5580501556396484,0.6255578994750977,-0.4450547993183136,0.8121261596679688,-0.6893662214279175,0.891044020652771,-0.8436514139175415,0.9432260990142822,-1.0,0.4801790714263916,-0.5074934959411621,0.6199072599411011,-0.666585385799408,0.505376398563385,-0.42857179045677185,0.4254004657268524,-0.31766611337661743,0.31640011072158813,-0.5383141040802002,0.4075149893760681,-0.6397265791893005,0.3114456236362457,-0.3997839689254761,0.2584252953529358,-0.3296058773994446,0.1350667029619217,-0.5382357239723206,0.2133502960205078,-0.6006395816802979,0.1660102903842926,-0.4277445375919342,0.12269093096256256,-0.3667164444923401
66b7291b,2,0.0,0.0,0.19471025466918945,-0.09915708005428314,0.32722100615501404,-0.29758837819099426,0.36871227622032166,-0.496442049741745,0.39459067583084106,-0.6586983799934387,0.28759223222732544,-0.527018129825592,0.33058682084083557,-0.7520118951797485,0.3320140242576599,-0.882064938545227,0.31485435366630554,-1.0,0.15883134305477142,-0.5264871716499329,0.22097600996494293,-0.6654181480407715,0.21722935140132904,-0.4625343978404999,0.18776345252990723,-0.345158189535141,0.024753866717219353,-0.49354976415634155,0.08162714540958405,-0.6020917296409607,0.09260918200016022,-0.4034234583377838,0.06791108101606369,-0.30962100625038147,-0.11960077285766602,-0.4305245578289032,-0.058309391140937805,-0.5093276500701904,-0.027365989983081818,-0.3720673620700836,-0.03909560665488243,-0.30143028497695923
66b7291b,2,0.0,0.0,0.15173272788524628,-0.13051119446754456,0.19709980487823486,-0.34734243154525757,0.1437532603740692,-0.5254742503166199,0.09351976960897446,-0.6743977665901184,-0.004399440251290798,-0.5573796629905701,-0.09444841742515564,-0.7706571221351624,-0.16683359444141388,-0.8922688961029053,-0.2378339320421219,-1.0,-0.14021827280521393,-0.5092191696166992,-0.06082676723599434,-0.5478388667106628,0.0411655567586422,-0.3725709319114685,0.05414727330207825,-0.2912200689315796,-0.24285238981246948,-0.42541050910949707,-0.12776726484298706,-0.40335673093795776,-0.03579630330204964,-0.2582603991031647,-0.03674638643860817,-0.21220363676548004,-0.33043432235717773,-0.32277747988700867,-0.21632665395736694,-0.302346408367157,-0.12213838845491409,-0.20102083683013916,-0.10865635424852371,-0.17040039598941803
66b7291b,2,0.0,0.0,0.11428624391555786,0.18084076046943665,0.31665146350860596,0.28131571412086487,0.5121486186981201,0.29580676555633545,0.6605480909347534,0.30980008840560913,0.5500690340995789,0.20138117671012878,0.7651610374450684,0.2318756878376007,0.889354407787323,0.2407783418893814,1.0,0.2330620437860489,0.5346897840499878,0.08149579167366028,0.7033563852310181,0.0751834586262703,0.49993667006492615,0.10247314721345901,0.3836253583431244,0.10691157728433609,0.49444034695625305,-0.03678158298134804,0.6121492385864258,-0.03961436077952385,0.4010838270187378,0.00258336472325027,0.3139152526855469,0.004885097965598106,0.4271090030670166,-0.1566087156534195,0.5265023708343506,-0.1399277001619339,0.3796345293521881,-0.08899543434381485,0.30290424823760986,-0.07994998246431351
66b7291b,2,0.0,0.0,0.18750135600566864,0.10247760266065598,0.43459486961364746,0.07241733372211456,0.6123196482658386,-0.01812474988400936,0.765495777130127,-0.05938450247049332,0.5830320119857788,-0.09679346531629562,0.7934824824333191,-0.19014042615890503,0.9088457226753235,-0.2640557289123535,1.0,-0.344583123922348,0.5059693455696106,-0.19828954339027405,0.6297840476036072,-0.26180216670036316,0.45954185724258423,-0.13818621635437012,0.365517795085907,-0.08073263615369797,0.4120006263256073,-0.2882935404777527,0.5015754103660583,-0.3166951835155487,0.33773526549339294,-0.1786055862903595,0.26212167739868164,-0.13093870878219604,0.29778218269348145,-0.3725351095199585,0.38408592343330383,-0.3817618489265442,0.2784486413002014,-0.2706354558467865,0.2180948257446289,-0.2301234006881714
66b7291b,2,0.0,0.0,0.2258756160736084,-0.03929264098405838,0.4194093644618988,-0.212335005402565,0.5181170105934143,-0.3965878486633301,0.6004457473754883,-0.5416286587715149,0.4110368490219116,-0.4618637263774872,0.5162878036499023,-0.7074796557426453,0.555798351764679,-0.8583768010139465,0.5846410393714905,-1.0,0.2789539396762848,-0.49222320318222046,0.3764209449291229,-0.5749801397323608,0.32630684971809387,-0.38261887431144714,0.275409460067749,-0.28252363204956055,0.13843093812465668,-0.49252352118492126,0.23343414068222046,-0.5510307550430298,0.20027904212474823,-0.35683345794677734,0.1563638597726822,-0.26278525590896606,-0.013689626008272171,-0.47432219982147217,0.07217785716056824,-0.5117664337158203,0.07470253854990005,-0.36724138259887695,0.05246502533555031,-0.29559096693992615
66b7291b,2,0.0,0.0,0.1533213108778,-0.10899846255779266,0.21639662981033325,-0.32206958532333374,0.20170162618160248,-0.5062719583511353,0.19580449163913727,-0.6575753092765808,0.07761872559785843,-0.506501317024231,0.03468618914484978,-0.7495284676551819,0.0010111097944900393,-0.8839864730834961,-0.04401092603802681,-1.0,-0.034210167825222015,-0.4701218903064728,-0.0046358853578567505,-0.5949061512947083,0.06555743515491486,-0.429855614900589,0.07252610474824905,-0.32813504338264465,-0.1307702511548996,-0.40738728642463684,-0.08204952627420425,-0.4727901220321655,-0.00950171984732151,-0.3111847937107086,-0.009774839505553246,-0.2362799346446991,-0.22527721524238586,-0.32789769768714905,-0.17517559230327606,-0.3823623061180115,-0.10179758071899414,-0.27407577633857727,-0.09016100317239761,-0.21963843703269958
66b7291b,2,0.0,0.0,0.09999353438615799,-0.22090455889701843,0.02689477987587452,-0.47609400749206543,-0.11359427869319916,-0.6525723338127136,-0.20171038806438446,-0.8180184364318848,-0.25196486711502075,-0.638167142868042,-0.4418123662471771,-0.8320212364196777,-0.564630925655365,-0.9282644391059875,-0.6960433125495911,-1.0,-0.3570418655872345,-0.5333449840545654,-0.37692975997924805,-0.6610322594642639,-0.18815232813358307,-0.5137740969657898,-0.13054053485393524,-0.420271635055542,-0.42580127716064453,-0.40708640217781067,-0.4067004323005676,-0.5020821690559387,-0.22164374589920044,-0.35126155614852905,-0.1921716332435608,-0.2707323133945465,-0.4804687201976776,-0.25942543148994446,-0.4364515542984009,-0.3529933989048004,-0.290665864944458,-0.25637388229370117,-0.2628740072250366,-0.19037488102912903
66b7291b,2,0.0,0.0,0.11426813900470734,-0.18097619712352753,0.11935139447450638,-0.39179331064224243,0.05239991843700409,-0.5760716199874878,-0.01541856024414301,-0.7385467290878296,-0.055841799825429916,-0.5762748718261719,-0.14776404201984406,-0.7994112372398376,-0.21833546459674835,-0.909173309803009,-0.30399319529533386,-1.0,-0.16190890967845917,-0.501968502998352,-0.2202128767967224,-0.6296731233596802,-0.09740917384624481,-0.4508109390735626,-0.06404510140419006,-0.3763376474380493,-0.25046220421791077,-0.40664350986480713,-0.29468515515327454,-0.4918300211429596,-0.1622404009103775,-0.32559454441070557,-0.13907429575920105,-0.2796640992164612,-0.3327000141143799,-0.2916136085987091,-0.3548811078071594,-0.3696897029876709,-0.2537396550178528,-0.2606571316719055,-0.2323666661977768,-0.2134423851966858
66b7291b,2,0.0,0.0,-0.0010805526981130242,-0.24968603253364563,-0.13978371024131775,-0.4569922685623169,-0.32067251205444336,-0.5704716444015503,-0.4788528084754944,-0.6732867360115051,-0.4309338629245758,-0.4966433644294739,-0.6932070255279541,-0.6149867177009583,-0.859041154384613,-0.640762209892273,-1.0,-0.6465185880661011,-0.4745616316795349,-0.3445751965045929,-0.6279045343399048,-0.40014955401420593,-0.4209160804748535,-0.31987497210502625,-0.296383798122406,-0.27191540598869324,-0.48447754979133606,-0.18323351442813873,-0.5910148620605469,-0.19788900017738342,-0.37899065017700195,-0.149831160902977,-0.276930034160614,-0.13744191825389862,-0.47332748770713806,-0.005270758178085089,-0.6102949976921082,-0.006250114645808935,-0.5758446455001831,0.017254436388611794,-0.6006147861480713,0.015265589579939842
66b7291b,2,0.0,0.0,0.16612893342971802,-0.12156754732131958,0.25155314803123474,-0.30424392223358154,0.26835525035858154,-0.49581271409988403,0.28941717743873596,-0.6586964130401611,0.1685185432434082,-0.5370170474052429,0.15194429457187653,-0.7698348760604858,0.09914503991603851,-0.8967099189758301,0.03827819973230362,-1.0,0.0496479757130146,-0.5067257285118103,0.0064123342745006084,-0.658716082572937,0.0381302572786808,-0.4732004404067993,0.06560968607664108,-0.3662199378013611,-0.06457864493131638,-0.4505555331707001,-0.11155634373426437,-0.5500169396400452,-0.058350443840026855,-0.3665350079536438,-0.02011100761592388,-0.29176199436187744,-0.17692038416862488,-0.3711217939853668,-0.2012823522090912,-0.4534165859222412,-0.147335946559906,-0.3305213153362274,-0.10856882482767105,-0.2677992582321167
66b7291b,2,0.0,0.0,0.20007272064685822,-0.0791788399219513,0.3620668351650238,-0.27381211519241333,0.46062320470809937,-0.4569338262081146,0.5734495520591736,-0.5588414072990417,0.35840103030204773,-0.48180708289146423,0.43796131014823914,-0.7243898510932922,0.45909756422042847,-0.8725901246070862,0.4644610583782196,-1.0,0.22406592965126038,-0.49656933546066284,0.22818288207054138,-0.6251676082611084,0.17826969921588898,-0.4362957775592804,0.14727357029914856,-0.29838013648986816,0.08366648852825165,-0.4835139214992523,0.07039947807788849,-0.568220853805542,0.05097472295165062,-0.3660695254802704,0.04968516156077385,-0.24072521924972534,-0.056815773248672485,-0.44561639428138733,-0.05184835195541382,-0.524639368057251,-0.037877731025218964,-0.37817639112472534,-0.018485084176063538,-0.27867189049720764
66b7291b,2,0.0,0.0,0.23563075065612793,-0.007491220720112324,0.49229007959365845,-0.1797710359096527,0.6528216004371643,-0.34911221265792847,0.8107326030731201,-0.4272330105304718,0.5568111538887024,-0.38551589846611023,0.7838342189788818,-0.6016275882720947,0.9043468832969666,-0.7388938665390015,1.0,-0.8613767623901367,0.40891769528388977,-0.4568294882774353,0.48079103231430054,-0.5787435173988342,0.3785340189933777,-0.38144055008888245,0.2980526387691498,-0.23077267408370972,0.2434750199317932,-0.4935034215450287,0.27846938371658325,-0.5481476187705994,0.19798240065574646,-0.32646453380584717,0.14872749149799347,-0.1879148632287979,0.0709630697965622,-0.5047496557235718,0.11129803210496902,-0.5375312566757202,0.07613804936408997,-0.35731247067451477,0.05814410001039505,-0.24477407336235046
66b7291b,2,0.0,0.0,0.052656300365924835,-0.226957768201828,-0.026008760556578636,-0.4830082356929779,-0.14962269365787506,-0.6524466276168823,-0.22187171876430511,-0.793128490447998,-0.22821356356143951,-0.5781171321868896,-0.36536040902137756,-0.7876679301261902,-0.46272188425064087,-0.9017974138259888,-0.5485600829124451,-1.0,-0.326267272233963,-0.48071473836898804,-0.3330320417881012,-0.5766711235046387,-0.19882120192050934,-0.4461102783679962,-0.10887729376554489,-0.3339255452156067,-0.3948791027069092,-0.35474517941474915,-0.3529321849346161,-0.41561025381088257,-0.20454388856887817,-0.2958032190799713,-0.11374646425247192,-0.20302057266235352,-0.4412195384502411,-0.2147451490163803,-0.392437607049942,-0.27951231598854065,-0.25419485569000244,-0.21682165563106537,-0.16823388636112213,-0.16207978129386902
66b7291b,2,0.0,0.0,-0.08128243684768677,-0.20843343436717987,-0.27605512738227844,-0.3595818281173706,-0.4593054950237274,-0.4202573597431183,-0.5927554965019226,-0.47959157824516296,-0.5076929926872253,-0.32131069898605347,-0.7530575394630432,-0.37179768085479736,-0.8885584473609924,-0.3785264194011688,-1.0,-0.3677491545677185,-0.5143964290618896,-0.18291710317134857,-0.6277793049812317,-0.2365483194589615,-0.4277893304824829,-0.23243853449821472,-0.274787038564682,-0.21045909821987152,-0.48770755529403687,-0.042834460735321045,-0.5382106304168701,-0.09567005932331085,-0.3331550657749176,-0.10012997686862946,-0.20313537120819092,-0.08851661533117294,-0.4389527142047882,0.10314664989709854,-0.4768933653831482,0.043196581304073334,-0.3218609094619751,0.010634335689246655,-0.21935757994651794,-0.0015644459053874016
